2026-06-11 15:09:58 kaan-ABRA-A5-V19-3 duckietown_docker_utils[81345] DEBUG [35mduckietown_docker_utils version 6.1.1 path /home/kaan/.duckietown/shell/profiles/daffy/venv/lib/python3.10/site-packages[0m
2026-06-11 15:09:58 kaan-ABRA-A5-V19-3 dts[81345] INFO [32mProject workspace: /home/kaan/project_dts/AIN453-Project[0m
2026-06-11 15:09:58 kaan-ABRA-A5-V19-3 dts[81345] INFO [32mTarget architecture automatically set to amd64.[0m
2026-06-11 15:09:58 kaan-ABRA-A5-V19-3 dts[81345] INFO [32mRetrieving info about Docker endpoint...[0m
2026-06-11 15:09:58 kaan-ABRA-A5-V19-3 dts[81345] INFO [32mRunning an image for amd64 on x86_64.[0m
2026-06-11 15:09:58 kaan-ABRA-A5-V19-3 dts[81345] INFO [32mRunning an image for amd64 on x86_64. Multiarch not needed![0m
Running X-Docker on Linux (6.8.0-111-generic).
non-network local connections being added to access control list
==> Entrypoint
   INFO: Network configured successfully.
WARNING: robot_type file does not exist. Using 'duckiebot' as default type.
WARNING: robot_configuration file does not exist.
WARNING: robot_hardware file does not exist.
<== Entrypoint
==> Launching app...
===== Available ROS Topics =====
/bird/auto_calibration_calculation_node/car_cmd
/bird/auto_calibration_node/car_cmd
/bird/button_driver_node/event
/bird/camera_node/camera_info
/bird/camera_node/image/compressed
/bird/car_cmd_switch_node/cmd
/bird/client_count
/bird/connected_clients
/bird/coordinator_node/car_cmd
/bird/coordinator_node/intersection_go
/bird/diagnostics/code/profiling
/bird/diagnostics/ros/links
/bird/diagnostics/ros/node
/bird/diagnostics/ros/parameters
/bird/diagnostics/ros/topics
/bird/display_driver_node/fragments
/bird/duckiebot_il_lane_following/car_cmd
/bird/front_center_tof_driver_node/range
/bird/fsm_node/mode
/bird/imu_node/data
/bird/imu_node/temperature
/bird/joint_states
/bird/joy
/bird/joy/set_feedback
/bird/joy_mapper_node/car_cmd
/bird/joy_mapper_node/joystick_override
/bird/kinematics_node/velocity
/bird/lane_controller_node/car_cmd
/bird/lane_recovery_node/car_cmd
/bird/lane_supervisor_node/car_cmd
/bird/led_emitter_node/led_pattern
/bird/left_wheel_encoder_node/tick
/bird/right_wheel_encoder_node/tick
/bird/simple_stop_controller_node/car_cmd
/bird/velocity_to_pose_node/pose
/bird/wheels_driver_node/emergency_stop
/bird/wheels_driver_node/wheels_cmd
/bird/wheels_driver_node/wheels_cmd_executed
/diagnostics
/rosout
/rosout_agg
/tf
/tf_static
... logging to /tmp/log/4e1bf6bc-64ea-11f1-bb3f-001325001319/roslaunch-kaan-ABRA-A5-V19-3-71.log
Checking log directory for disk usage. This may take a while.
Press Ctrl-C to interrupt
Done checking log file disk usage. Usage is <1GB.
]2;/code/catkin_ws/src/AIN453-Project/packages/pf_localization/launch/pf.launch
[1mstarted roslaunch server http://kaan-ABRA-A5-V19-3.local:35199/[0m

SUMMARY
========

PARAMETERS
 * /bird/aruco_detector/aruco_detector/tag_size: 0.065
 * /bird/aruco_detector/particle_filter/alpha: [0.1, 0.05, 0.05,...
 * /bird/aruco_detector/particle_filter/n_particles: 2000
 * /bird/aruco_detector/particle_filter/sigma_bear: 0.3
 * /bird/aruco_detector/particle_filter/sigma_dist: 1.0
 * /bird/aruco_detector/tag_map/positions: [[0.33, 0.0], [0....
 * /bird/aruco_detector/tag_map/room_x: [0.0, 0.9]
 * /bird/aruco_detector/tag_map/room_y: [0.0, 0.9]
 * /bird/aruco_detector/tag_map/tag_height: 1.0
 * /bird/particle_filter/aruco_detector/tag_size: 0.065
 * /bird/particle_filter/particle_filter/alpha: [0.1, 0.05, 0.05,...
 * /bird/particle_filter/particle_filter/n_particles: 2000
 * /bird/particle_filter/particle_filter/sigma_bear: 0.3
 * /bird/particle_filter/particle_filter/sigma_dist: 1.0
 * /bird/particle_filter/tag_map/positions: [[0.33, 0.0], [0....
 * /bird/particle_filter/tag_map/room_x: [0.0, 0.9]
 * /bird/particle_filter/tag_map/room_y: [0.0, 0.9]
 * /bird/particle_filter/tag_map/tag_height: 1.0
 * /rosdistro: noetic
 * /rosversion: 1.16.0

NODES
  /bird/
    aruco_detector (pf_localization/aruco_detector_node)
    particle_filter (pf_localization/particle_filter_node)
    visualizer (pf_localization/visualizer_node)

[1mROS_MASTER_URI=http://bird.local:11311/[0m
]2;/code/catkin_ws/src/AIN453-Project/packages/pf_localization/launch/pf.launch http://bird.local:11311/
[1mprocess[bird/aruco_detector-1]: started with pid [79][0m
[1mprocess[bird/particle_filter-2]: started with pid [80][0m
[1mprocess[bird/visualizer-3]: started with pid [81][0m
[INFO] [1781179802.217712]: ArUco detector ready (DICT_4X4_50, tag_size=0.065 m)
[INFO] [1781179802.229477]: Particle filter ready — 2000 particles, sigma_d=0.100 m, sigma_b=0.080 rad
[INFO] [1781179802.289590]: Camera intrinsics loaded: fx=254.28 fy=257.16 cx=318.74 cy=240.61
[INFO] [1781179802.339367]: ArUco: Detected 1 marker(s) in frame 1
[INFO] [1781179802.364790]: Visualizer ready — opening matplotlib window
[INFO] [1781179802.372109]: ArUco: Published 1 detection(s) out of 1 detected markers
[INFO] [1781179802.372473]: AR Detection received: distance=0.182 m, bearing=-0.159 rad
QStandardPaths: XDG_RUNTIME_DIR not set, defaulting to '/tmp/runtime-root'
[INFO] [1781179802.406943]: ArUco: Detected 1 marker(s) in frame 2
[INFO] [1781179802.433519]: ArUco: Published 1 detection(s) out of 1 detected markers
[INFO] [1781179802.433760]: AR Detection received: distance=0.182 m, bearing=-0.159 rad
[INFO] [1781179802.466054]: ArUco: Detected 1 marker(s) in frame 3
[INFO] [1781179802.480402]: ArUco: Published 1 detection(s) out of 1 detected markers
[INFO] [1781179802.480632]: AR Detection received: distance=0.181 m, bearing=-0.160 rad
[INFO] [1781179802.533316]: ArUco: Detected 1 marker(s) in frame 4
[INFO] [1781179802.542618]: ArUco: Published 1 detection(s) out of 1 detected markers
[INFO] [1781179802.542925]: AR Detection received: distance=0.181 m, bearing=-0.160 rad
[INFO] [1781179802.581068]: ArUco: Detected 1 marker(s) in frame 5
[INFO] [1781179802.633446]: ArUco: Published 1 detection(s) out of 1 detected markers
[INFO] [1781179802.633991]: AR Detection received: distance=0.181 m, bearing=-0.160 rad
[INFO] [1781179802.667370]: ArUco: Detected 1 marker(s) in frame 6
[INFO] [1781179802.679654]: ArUco: Published 1 detection(s) out of 1 detected markers
[INFO] [1781179802.679957]: AR Detection received: distance=0.182 m, bearing=-0.159 rad
[INFO] [1781179802.715024]: ArUco: Detected 1 marker(s) in frame 7
[INFO] [1781179802.734691]: ArUco: Published 1 detection(s) out of 1 detected markers
[INFO] [1781179802.735115]: AR Detection received: distance=0.181 m, bearing=-0.160 rad
[INFO] [1781179802.768450]: ArUco: Detected 1 marker(s) in frame 8
[INFO] [1781179802.787967]: ArUco: Published 1 detection(s) out of 1 detected markers
[INFO] [1781179802.787988]: AR Detection received: distance=0.182 m, bearing=-0.159 rad
[INFO] [1781179802.814915]: ArUco: Detected 1 marker(s) in frame 9
[INFO] [1781179802.829332]: Screenshot saved -> /root/pf_screenshots/initial_spread.png  (ESS=2000 / N=2000)
[INFO] [1781179802.843078]: ArUco: Published 1 detection(s) out of 1 detected markers
[INFO] [1781179802.843300]: AR Detection received: distance=0.181 m, bearing=-0.160 rad
[INFO] [1781179802.876349]: ArUco: Detected 1 marker(s) in frame 10
libGL error: MESA-LOADER: failed to retrieve device information
[INFO] [1781179802.902936]: ArUco: Published 1 detection(s) out of 1 detected markers
[INFO] [1781179802.903278]: AR Detection received: distance=0.182 m, bearing=-0.159 rad
[INFO] [1781179802.918914]: ArUco: Detected 1 marker(s) in frame 11
[INFO] [1781179802.936399]: ArUco: Published 1 detection(s) out of 1 detected markers
[INFO] [1781179802.936630]: AR Detection received: distance=0.181 m, bearing=-0.160 rad
[INFO] [1781179802.977403]: ArUco: Detected 1 marker(s) in frame 12
[INFO] [1781179802.999356]: ArUco: Published 1 detection(s) out of 1 detected markers
[INFO] [1781179802.999631]: AR Detection received: distance=0.181 m, bearing=-0.160 rad
[INFO] [1781179803.032941]: ArUco: Detected 1 marker(s) in frame 13
[INFO] [1781179803.047365]: ArUco: Published 1 detection(s) out of 1 detected markers
[INFO] [1781179803.047711]: AR Detection received: distance=0.181 m, bearing=-0.160 rad
[INFO] [1781179803.082680]: ArUco: Detected 1 marker(s) in frame 14
[INFO] [1781179803.103955]: ArUco: Published 1 detection(s) out of 1 detected markers
[INFO] [1781179803.104020]: AR Detection received: distance=0.182 m, bearing=-0.159 rad
[INFO] [1781179803.134488]: ArUco: Detected 1 marker(s) in frame 15
[INFO] [1781179803.159600]: ArUco: Published 1 detection(s) out of 1 detected markers
[INFO] [1781179803.159737]: AR Detection received: distance=0.182 m, bearing=-0.159 rad
[INFO] [1781179803.180150]: ArUco: Detected 1 marker(s) in frame 16
[INFO] [1781179803.207827]: ArUco: Published 1 detection(s) out of 1 detected markers
[INFO] [1781179803.207891]: AR Detection received: distance=0.181 m, bearing=-0.160 rad
[INFO] [1781179803.256338]: ArUco: Detected 1 marker(s) in frame 17
[INFO] [1781179803.289881]: ArUco: Published 1 detection(s) out of 1 detected markers
[INFO] [1781179803.290497]: AR Detection received: distance=0.181 m, bearing=-0.160 rad
[INFO] [1781179803.314373]: ArUco: Detected 1 marker(s) in frame 18
[INFO] [1781179803.352878]: Screenshot saved -> /root/pf_screenshots/partial_convergence.png  (ESS=1055 / N=2000)
[INFO] [1781179803.378020]: ArUco: Published 1 detection(s) out of 1 detected markers
[INFO] [1781179803.378256]: AR Detection received: distance=0.181 m, bearing=-0.160 rad
[INFO] [1781179803.415418]: ArUco: Detected 1 marker(s) in frame 19
[INFO] [1781179803.442238]: ArUco: Published 1 detection(s) out of 1 detected markers
[INFO] [1781179803.442390]: AR Detection received: distance=0.181 m, bearing=-0.160 rad
[INFO] [1781179803.480213]: ArUco: Detected 1 marker(s) in frame 20
[INFO] [1781179803.505356]: ArUco: Published 1 detection(s) out of 1 detected markers
[INFO] [1781179803.505595]: AR Detection received: distance=0.182 m, bearing=-0.159 rad
[INFO] [1781179803.541582]: ArUco: Detected 1 marker(s) in frame 21
[INFO] [1781179803.575609]: ArUco: Published 1 detection(s) out of 1 detected markers
[INFO] [1781179803.575958]: AR Detection received: distance=0.182 m, bearing=-0.159 rad
[INFO] [1781179803.606414]: ArUco: Detected 1 marker(s) in frame 22
[INFO] [1781179803.632771]: ArUco: Published 1 detection(s) out of 1 detected markers
[INFO] [1781179803.633316]: AR Detection received: distance=0.182 m, bearing=-0.159 rad
[INFO] [1781179803.669569]: ArUco: Detected 1 marker(s) in frame 23
[INFO] [1781179803.710263]: ArUco: Published 1 detection(s) out of 1 detected markers
[INFO] [1781179803.710685]: AR Detection received: distance=0.182 m, bearing=-0.159 rad
[INFO] [1781179803.747873]: ArUco: Detected 1 marker(s) in frame 24
[INFO] [1781179803.771092]: ArUco: Published 1 detection(s) out of 1 detected markers
[INFO] [1781179803.771197]: AR Detection received: distance=0.182 m, bearing=-0.159 rad
[INFO] [1781179803.799665]: ArUco: Detected 1 marker(s) in frame 25
[INFO] [1781179803.810712]: ArUco: Published 1 detection(s) out of 1 detected markers
[INFO] [1781179803.810932]: AR Detection received: distance=0.182 m, bearing=-0.159 rad
[INFO] [1781179803.846586]: ArUco: Detected 1 marker(s) in frame 26
[INFO] [1781179803.873754]: ArUco: Published 1 detection(s) out of 1 detected markers
[INFO] [1781179803.874031]: AR Detection received: distance=0.181 m, bearing=-0.160 rad
[INFO] [1781179803.902804]: ArUco: Detected 1 marker(s) in frame 27
[INFO] [1781179803.934478]: ArUco: Published 1 detection(s) out of 1 detected markers
[INFO] [1781179803.934907]: AR Detection received: distance=0.182 m, bearing=-0.159 rad
[INFO] [1781179803.967115]: ArUco: Detected 1 marker(s) in frame 28
[INFO] [1781179803.996478]: ArUco: Published 1 detection(s) out of 1 detected markers
[INFO] [1781179803.996985]: AR Detection received: distance=0.181 m, bearing=-0.160 rad
[INFO] [1781179804.018724]: ArUco: Detected 1 marker(s) in frame 29
[INFO] [1781179804.044405]: ArUco: Published 1 detection(s) out of 1 detected markers
[INFO] [1781179804.044670]: AR Detection received: distance=0.181 m, bearing=-0.160 rad
[INFO] [1781179804.080607]: ArUco: Detected 1 marker(s) in frame 30
[INFO] [1781179804.111236]: ArUco: Published 1 detection(s) out of 1 detected markers
[INFO] [1781179804.111598]: AR Detection received: distance=0.182 m, bearing=-0.159 rad
[INFO] [1781179804.147141]: ArUco: Detected 1 marker(s) in frame 31
[INFO] [1781179804.173530]: ArUco: Published 1 detection(s) out of 1 detected markers
[INFO] [1781179804.173896]: AR Detection received: distance=0.182 m, bearing=-0.159 rad
[INFO] [1781179804.201069]: ArUco: Detected 1 marker(s) in frame 32
[INFO] [1781179804.220790]: ArUco: Published 1 detection(s) out of 1 detected markers
[INFO] [1781179804.221015]: AR Detection received: distance=0.181 m, bearing=-0.160 rad
[INFO] [1781179804.259344]: ArUco: Detected 1 marker(s) in frame 33
[INFO] [1781179804.276059]: ArUco: Published 1 detection(s) out of 1 detected markers
[INFO] [1781179804.276295]: AR Detection received: distance=0.181 m, bearing=-0.160 rad
[INFO] [1781179804.306950]: ArUco: Detected 1 marker(s) in frame 34
[INFO] [1781179804.326719]: ArUco: Published 1 detection(s) out of 1 detected markers
[INFO] [1781179804.327248]: AR Detection received: distance=0.181 m, bearing=-0.160 rad
[INFO] [1781179804.358217]: ArUco: Detected 1 marker(s) in frame 35
[INFO] [1781179804.379632]: ArUco: Published 1 detection(s) out of 1 detected markers
[INFO] [1781179804.379927]: AR Detection received: distance=0.182 m, bearing=-0.159 rad
[INFO] [1781179804.412188]: ArUco: Detected 1 marker(s) in frame 36
[INFO] [1781179804.440879]: ArUco: Published 1 detection(s) out of 1 detected markers
[INFO] [1781179804.441121]: AR Detection received: distance=0.182 m, bearing=-0.159 rad
[INFO] [1781179804.467675]: ArUco: Detected 1 marker(s) in frame 37
[INFO] [1781179804.482141]: ArUco: Published 1 detection(s) out of 1 detected markers
[INFO] [1781179804.482679]: AR Detection received: distance=0.182 m, bearing=-0.159 rad
[INFO] [1781179804.532986]: ArUco: Detected 1 marker(s) in frame 38
[INFO] [1781179804.559932]: ArUco: Published 1 detection(s) out of 1 detected markers
[INFO] [1781179804.560492]: AR Detection received: distance=0.182 m, bearing=-0.159 rad
[INFO] [1781179804.583123]: ArUco: Detected 1 marker(s) in frame 39
[INFO] [1781179804.607687]: ArUco: Published 1 detection(s) out of 1 detected markers
[INFO] [1781179804.608082]: AR Detection received: distance=0.182 m, bearing=-0.159 rad
[INFO] [1781179804.675068]: ArUco: Detected 1 marker(s) in frame 40
[INFO] [1781179804.705610]: ArUco: Published 1 detection(s) out of 1 detected markers
[INFO] [1781179804.705916]: AR Detection received: distance=0.182 m, bearing=-0.159 rad
[INFO] [1781179804.731652]: ArUco: Detected 1 marker(s) in frame 41
[INFO] [1781179804.753998]: ArUco: Published 1 detection(s) out of 1 detected markers
[INFO] [1781179804.754210]: AR Detection received: distance=0.182 m, bearing=-0.159 rad
[INFO] [1781179804.779502]: ArUco: Detected 1 marker(s) in frame 42
[INFO] [1781179804.810832]: ArUco: Published 1 detection(s) out of 1 detected markers
[INFO] [1781179804.811131]: AR Detection received: distance=0.182 m, bearing=-0.159 rad
[INFO] [1781179804.847265]: ArUco: Detected 1 marker(s) in frame 43
[INFO] [1781179804.870702]: ArUco: Published 1 detection(s) out of 1 detected markers
[INFO] [1781179804.870960]: AR Detection received: distance=0.182 m, bearing=-0.159 rad
[INFO] [1781179804.903276]: ArUco: Detected 1 marker(s) in frame 44
[INFO] [1781179804.924448]: ArUco: Published 1 detection(s) out of 1 detected markers
[INFO] [1781179804.924633]: AR Detection received: distance=0.182 m, bearing=-0.159 rad
[INFO] [1781179804.943548]: ArUco: Detected 1 marker(s) in frame 45
[INFO] [1781179804.974799]: ArUco: Published 1 detection(s) out of 1 detected markers
[INFO] [1781179804.975036]: AR Detection received: distance=0.182 m, bearing=-0.159 rad
[INFO] [1781179805.007706]: ArUco: Detected 1 marker(s) in frame 46
[INFO] [1781179805.033984]: ArUco: Published 1 detection(s) out of 1 detected markers
[INFO] [1781179805.034240]: AR Detection received: distance=0.182 m, bearing=-0.159 rad
[INFO] [1781179805.068947]: ArUco: Detected 1 marker(s) in frame 47
[INFO] [1781179805.096226]: ArUco: Published 1 detection(s) out of 1 detected markers
[INFO] [1781179805.096664]: AR Detection received: distance=0.182 m, bearing=-0.159 rad
[INFO] [1781179805.114187]: ArUco: Detected 1 marker(s) in frame 48
[INFO] [1781179805.141077]: ArUco: Published 1 detection(s) out of 1 detected markers
[INFO] [1781179805.141305]: AR Detection received: distance=0.181 m, bearing=-0.160 rad
[INFO] [1781179805.173460]: ArUco: Detected 1 marker(s) in frame 49
[INFO] [1781179805.193920]: ArUco: Published 1 detection(s) out of 1 detected markers
[INFO] [1781179805.194110]: AR Detection received: distance=0.182 m, bearing=-0.159 rad
[INFO] [1781179805.230525]: ArUco: Detected 1 marker(s) in frame 50
[INFO] [1781179805.245755]: ArUco: Published 1 detection(s) out of 1 detected markers
[INFO] [1781179805.246117]: AR Detection received: distance=0.181 m, bearing=-0.160 rad
[INFO] [1781179805.280224]: ArUco: Detected 1 marker(s) in frame 51
[INFO] [1781179805.306437]: ArUco: Published 1 detection(s) out of 1 detected markers
[INFO] [1781179805.306552]: AR Detection received: distance=0.182 m, bearing=-0.159 rad
[INFO] [1781179805.338039]: ArUco: Detected 1 marker(s) in frame 52
[INFO] [1781179805.365171]: ArUco: Published 1 detection(s) out of 1 detected markers
[INFO] [1781179805.365557]: AR Detection received: distance=0.181 m, bearing=-0.160 rad
[INFO] [1781179805.397892]: ArUco: Detected 1 marker(s) in frame 53
[INFO] [1781179805.430027]: ArUco: Published 1 detection(s) out of 1 detected markers
[INFO] [1781179805.430267]: AR Detection received: distance=0.181 m, bearing=-0.160 rad
[INFO] [1781179805.449946]: ArUco: Detected 1 marker(s) in frame 54
[INFO] [1781179805.490916]: ArUco: Published 1 detection(s) out of 1 detected markers
[INFO] [1781179805.491241]: AR Detection received: distance=0.181 m, bearing=-0.160 rad
[INFO] [1781179805.516054]: ArUco: Detected 1 marker(s) in frame 55
[INFO] [1781179805.538056]: ArUco: Published 1 detection(s) out of 1 detected markers
[INFO] [1781179805.538517]: AR Detection received: distance=0.181 m, bearing=-0.160 rad
[INFO] [1781179805.573171]: ArUco: Detected 1 marker(s) in frame 56
[INFO] [1781179805.595846]: ArUco: Published 1 detection(s) out of 1 detected markers
[INFO] [1781179805.596061]: AR Detection received: distance=0.182 m, bearing=-0.159 rad
[INFO] [1781179805.639363]: ArUco: Detected 1 marker(s) in frame 57
[INFO] [1781179805.664500]: ArUco: Published 1 detection(s) out of 1 detected markers
[INFO] [1781179805.664770]: AR Detection received: distance=0.181 m, bearing=-0.160 rad
[INFO] [1781179805.697266]: ArUco: Detected 1 marker(s) in frame 58
[INFO] [1781179805.730419]: ArUco: Published 1 detection(s) out of 1 detected markers
[INFO] [1781179805.730827]: AR Detection received: distance=0.181 m, bearing=-0.160 rad
[INFO] [1781179805.762570]: ArUco: Detected 1 marker(s) in frame 59
[INFO] [1781179805.778999]: ArUco: Published 1 detection(s) out of 1 detected markers
[INFO] [1781179805.779469]: AR Detection received: distance=0.181 m, bearing=-0.160 rad
[INFO] [1781179805.807652]: ArUco: Detected 1 marker(s) in frame 60
[INFO] [1781179805.834923]: ArUco: Published 1 detection(s) out of 1 detected markers
[INFO] [1781179805.835207]: AR Detection received: distance=0.182 m, bearing=-0.159 rad
[INFO] [1781179805.851104]: ArUco: Detected 1 marker(s) in frame 61
[INFO] [1781179805.877677]: ArUco: Published 1 detection(s) out of 1 detected markers
[INFO] [1781179805.877839]: AR Detection received: distance=0.182 m, bearing=-0.159 rad
[INFO] [1781179805.904615]: ArUco: Detected 1 marker(s) in frame 62
[INFO] [1781179805.980102]: ArUco: Published 1 detection(s) out of 1 detected markers
[INFO] [1781179805.980549]: AR Detection received: distance=0.182 m, bearing=-0.159 rad
[INFO] [1781179806.010996]: ArUco: Detected 1 marker(s) in frame 63
[INFO] [1781179806.038964]: ArUco: Published 1 detection(s) out of 1 detected markers
[INFO] [1781179806.039150]: AR Detection received: distance=0.182 m, bearing=-0.159 rad
[INFO] [1781179806.066490]: ArUco: Detected 1 marker(s) in frame 64
[INFO] [1781179806.094744]: ArUco: Published 1 detection(s) out of 1 detected markers
[INFO] [1781179806.094938]: AR Detection received: distance=0.181 m, bearing=-0.160 rad
[INFO] [1781179806.113374]: ArUco: Detected 1 marker(s) in frame 65
[INFO] [1781179806.142352]: ArUco: Published 1 detection(s) out of 1 detected markers
[INFO] [1781179806.142553]: AR Detection received: distance=0.182 m, bearing=-0.159 rad
[INFO] [1781179806.174867]: ArUco: Detected 1 marker(s) in frame 66
[INFO] [1781179806.201962]: ArUco: Published 1 detection(s) out of 1 detected markers
[INFO] [1781179806.202189]: AR Detection received: distance=0.181 m, bearing=-0.160 rad
[INFO] [1781179806.230557]: ArUco: Detected 1 marker(s) in frame 67
[INFO] [1781179806.243834]: ArUco: Published 1 detection(s) out of 1 detected markers
[INFO] [1781179806.244013]: AR Detection received: distance=0.181 m, bearing=-0.160 rad
[INFO] [1781179806.274048]: ArUco: Detected 1 marker(s) in frame 68
[INFO] [1781179806.302211]: ArUco: Published 1 detection(s) out of 1 detected markers
[INFO] [1781179806.302439]: AR Detection received: distance=0.182 m, bearing=-0.159 rad
[INFO] [1781179806.335334]: ArUco: Detected 1 marker(s) in frame 69
[INFO] [1781179806.362117]: ArUco: Published 1 detection(s) out of 1 detected markers
[INFO] [1781179806.364025]: AR Detection received: distance=0.182 m, bearing=-0.159 rad
[INFO] [1781179806.401779]: ArUco: Detected 1 marker(s) in frame 70
[INFO] [1781179806.424463]: ArUco: Published 1 detection(s) out of 1 detected markers
[INFO] [1781179806.424752]: AR Detection received: distance=0.181 m, bearing=-0.160 rad
[INFO] [1781179806.464030]: ArUco: Detected 1 marker(s) in frame 71
[INFO] [1781179806.477553]: ArUco: Published 1 detection(s) out of 1 detected markers
[INFO] [1781179806.477785]: AR Detection received: distance=0.182 m, bearing=-0.159 rad
[INFO] [1781179806.512289]: ArUco: Detected 1 marker(s) in frame 72
[INFO] [1781179806.542767]: ArUco: Published 1 detection(s) out of 1 detected markers
[INFO] [1781179806.543266]: AR Detection received: distance=0.181 m, bearing=-0.160 rad
[INFO] [1781179806.571326]: ArUco: Detected 1 marker(s) in frame 73
[INFO] [1781179806.599801]: ArUco: Published 1 detection(s) out of 1 detected markers
[INFO] [1781179806.600338]: AR Detection received: distance=0.181 m, bearing=-0.160 rad
[INFO] [1781179806.620883]: ArUco: Detected 1 marker(s) in frame 74
[INFO] [1781179806.659921]: ArUco: Published 1 detection(s) out of 1 detected markers
[INFO] [1781179806.660452]: AR Detection received: distance=0.182 m, bearing=-0.159 rad
[INFO] [1781179806.683095]: ArUco: Detected 1 marker(s) in frame 75
[INFO] [1781179806.710408]: ArUco: Published 1 detection(s) out of 1 detected markers
[INFO] [1781179806.710616]: AR Detection received: distance=0.181 m, bearing=-0.160 rad
[INFO] [1781179806.747618]: ArUco: Detected 1 marker(s) in frame 76
[INFO] [1781179806.839150]: ArUco: Published 1 detection(s) out of 1 detected markers
[INFO] [1781179806.839617]: AR Detection received: distance=0.182 m, bearing=-0.159 rad
[INFO] [1781179806.880759]: ArUco: Detected 1 marker(s) in frame 77
[INFO] [1781179806.929986]: ArUco: Published 1 detection(s) out of 1 detected markers
[INFO] [1781179806.930306]: AR Detection received: distance=0.182 m, bearing=-0.159 rad
[INFO] [1781179806.973179]: ArUco: Detected 1 marker(s) in frame 78
[INFO] [1781179807.000854]: ArUco: Published 1 detection(s) out of 1 detected markers
[INFO] [1781179807.001168]: AR Detection received: distance=0.181 m, bearing=-0.160 rad
[INFO] [1781179807.030029]: ArUco: Detected 1 marker(s) in frame 79
[INFO] [1781179807.061234]: ArUco: Published 1 detection(s) out of 1 detected markers
[INFO] [1781179807.061511]: AR Detection received: distance=0.182 m, bearing=-0.159 rad
[INFO] [1781179807.096457]: ArUco: Detected 1 marker(s) in frame 80
[INFO] [1781179807.112264]: ArUco: Published 1 detection(s) out of 1 detected markers
[INFO] [1781179807.112451]: AR Detection received: distance=0.182 m, bearing=-0.159 rad
[INFO] [1781179807.137445]: ArUco: Detected 1 marker(s) in frame 81
[INFO] [1781179807.172440]: ArUco: Published 1 detection(s) out of 1 detected markers
[INFO] [1781179807.172732]: AR Detection received: distance=0.182 m, bearing=-0.159 rad
[INFO] [1781179807.203158]: ArUco: Detected 1 marker(s) in frame 82
[INFO] [1781179807.226631]: ArUco: Published 1 detection(s) out of 1 detected markers
[INFO] [1781179807.226884]: AR Detection received: distance=0.182 m, bearing=-0.159 rad
[INFO] [1781179807.306474]: ArUco: Detected 1 marker(s) in frame 83
[INFO] [1781179807.335137]: ArUco: Published 1 detection(s) out of 1 detected markers
[INFO] [1781179807.335628]: AR Detection received: distance=0.182 m, bearing=-0.159 rad
[INFO] [1781179807.368399]: ArUco: Detected 1 marker(s) in frame 84
[INFO] [1781179807.392076]: ArUco: Published 1 detection(s) out of 1 detected markers
[INFO] [1781179807.392448]: AR Detection received: distance=0.182 m, bearing=-0.159 rad
[INFO] [1781179807.410890]: ArUco: Detected 1 marker(s) in frame 85
[INFO] [1781179807.437100]: ArUco: Published 1 detection(s) out of 1 detected markers
[INFO] [1781179807.437198]: AR Detection received: distance=0.182 m, bearing=-0.159 rad
[INFO] [1781179807.469830]: ArUco: Detected 1 marker(s) in frame 86
[INFO] [1781179807.486152]: ArUco: Published 1 detection(s) out of 1 detected markers
[INFO] [1781179807.486339]: AR Detection received: distance=0.182 m, bearing=-0.159 rad
[INFO] [1781179807.516094]: ArUco: Detected 1 marker(s) in frame 87
[INFO] [1781179807.535294]: ArUco: Published 1 detection(s) out of 1 detected markers
[INFO] [1781179807.535490]: AR Detection received: distance=0.182 m, bearing=-0.159 rad
[INFO] [1781179807.568700]: ArUco: Detected 1 marker(s) in frame 88
[INFO] [1781179807.593231]: ArUco: Published 1 detection(s) out of 1 detected markers
[INFO] [1781179807.593426]: AR Detection received: distance=0.181 m, bearing=-0.160 rad
[INFO] [1781179807.608412]: ArUco: Detected 1 marker(s) in frame 89
[INFO] [1781179807.635191]: ArUco: Published 1 detection(s) out of 1 detected markers
[INFO] [1781179807.636998]: AR Detection received: distance=0.182 m, bearing=-0.159 rad
[INFO] [1781179807.668297]: ArUco: Detected 1 marker(s) in frame 90
[INFO] [1781179807.692050]: ArUco: Published 1 detection(s) out of 1 detected markers
[INFO] [1781179807.692324]: AR Detection received: distance=0.182 m, bearing=-0.159 rad
[INFO] [1781179807.717298]: ArUco: Detected 1 marker(s) in frame 91
[INFO] [1781179807.762584]: ArUco: Published 1 detection(s) out of 1 detected markers
[INFO] [1781179807.763012]: AR Detection received: distance=0.181 m, bearing=-0.160 rad
[INFO] [1781179807.796027]: ArUco: Detected 1 marker(s) in frame 92
[INFO] [1781179807.808134]: ArUco: Published 1 detection(s) out of 1 detected markers
[INFO] [1781179807.808614]: AR Detection received: distance=0.181 m, bearing=-0.160 rad
[INFO] [1781179807.843654]: ArUco: Detected 1 marker(s) in frame 93
[INFO] [1781179807.870596]: ArUco: Published 1 detection(s) out of 1 detected markers
[INFO] [1781179807.870911]: AR Detection received: distance=0.181 m, bearing=-0.160 rad
[INFO] [1781179807.905915]: ArUco: Detected 1 marker(s) in frame 94
[INFO] [1781179807.933461]: ArUco: Published 1 detection(s) out of 1 detected markers
[INFO] [1781179807.933926]: AR Detection received: distance=0.182 m, bearing=-0.159 rad
[INFO] [1781179807.967849]: ArUco: Detected 1 marker(s) in frame 95
[INFO] [1781179807.993450]: ArUco: Published 1 detection(s) out of 1 detected markers
[INFO] [1781179807.993653]: AR Detection received: distance=0.181 m, bearing=-0.160 rad
[INFO] [1781179808.021357]: ArUco: Detected 1 marker(s) in frame 96
[INFO] [1781179808.044412]: ArUco: Published 1 detection(s) out of 1 detected markers
[INFO] [1781179808.044920]: AR Detection received: distance=0.182 m, bearing=-0.159 rad
[INFO] [1781179808.084150]: ArUco: Detected 1 marker(s) in frame 97
[INFO] [1781179808.106209]: ArUco: Published 1 detection(s) out of 1 detected markers
[INFO] [1781179808.106401]: AR Detection received: distance=0.182 m, bearing=-0.159 rad
[INFO] [1781179808.141276]: ArUco: Detected 1 marker(s) in frame 98
[INFO] [1781179808.168442]: ArUco: Published 1 detection(s) out of 1 detected markers
[INFO] [1781179808.168782]: AR Detection received: distance=0.182 m, bearing=-0.159 rad
[INFO] [1781179808.200179]: ArUco: Detected 1 marker(s) in frame 99
[INFO] [1781179808.217407]: ArUco: Published 1 detection(s) out of 1 detected markers
[INFO] [1781179808.217487]: AR Detection received: distance=0.182 m, bearing=-0.159 rad
[INFO] [1781179808.253031]: ArUco: Detected 1 marker(s) in frame 100
[INFO] [1781179808.274368]: ArUco: Published 1 detection(s) out of 1 detected markers
[INFO] [1781179808.274591]: AR Detection received: distance=0.182 m, bearing=-0.159 rad
[INFO] [1781179808.306689]: ArUco: Detected 1 marker(s) in frame 101
[INFO] [1781179808.333862]: ArUco: Published 1 detection(s) out of 1 detected markers
[INFO] [1781179808.334244]: AR Detection received: distance=0.181 m, bearing=-0.160 rad
[INFO] [1781179808.364610]: ArUco: Detected 1 marker(s) in frame 102
[INFO] [1781179808.394722]: ArUco: Published 1 detection(s) out of 1 detected markers
[INFO] [1781179808.395180]: AR Detection received: distance=0.181 m, bearing=-0.160 rad
[INFO] [1781179808.416930]: ArUco: Detected 1 marker(s) in frame 103
[INFO] [1781179808.443973]: ArUco: Published 1 detection(s) out of 1 detected markers
[INFO] [1781179808.444209]: AR Detection received: distance=0.182 m, bearing=-0.159 rad
[INFO] [1781179808.481524]: ArUco: Detected 1 marker(s) in frame 104
[INFO] [1781179808.547065]: ArUco: Published 1 detection(s) out of 1 detected markers
[INFO] [1781179808.547543]: AR Detection received: distance=0.181 m, bearing=-0.160 rad
[INFO] [1781179808.594886]: ArUco: Detected 1 marker(s) in frame 105
[INFO] [1781179808.643856]: ArUco: Published 1 detection(s) out of 1 detected markers
[INFO] [1781179808.644592]: AR Detection received: distance=0.182 m, bearing=-0.159 rad
[INFO] [1781179808.674558]: ArUco: Detected 1 marker(s) in frame 106
[INFO] [1781179808.705280]: ArUco: Published 1 detection(s) out of 1 detected markers
[INFO] [1781179808.705539]: AR Detection received: distance=0.182 m, bearing=-0.159 rad
[INFO] [1781179808.729243]: ArUco: Detected 1 marker(s) in frame 107
[INFO] [1781179808.768303]: ArUco: Published 1 detection(s) out of 1 detected markers
[INFO] [1781179808.768776]: AR Detection received: distance=0.182 m, bearing=-0.159 rad
[INFO] [1781179808.807118]: ArUco: Detected 1 marker(s) in frame 108
[INFO] [1781179808.838736]: ArUco: Published 1 detection(s) out of 1 detected markers
[INFO] [1781179808.839078]: AR Detection received: distance=0.181 m, bearing=-0.160 rad
[INFO] [1781179808.876070]: ArUco: Detected 1 marker(s) in frame 109
[INFO] [1781179808.904058]: ArUco: Published 1 detection(s) out of 1 detected markers
[INFO] [1781179808.904328]: AR Detection received: distance=0.182 m, bearing=-0.159 rad
[INFO] [1781179808.932224]: ArUco: Detected 1 marker(s) in frame 110
[INFO] [1781179808.961754]: ArUco: Published 1 detection(s) out of 1 detected markers
[INFO] [1781179808.962230]: AR Detection received: distance=0.182 m, bearing=-0.159 rad
[INFO] [1781179808.983417]: ArUco: Detected 1 marker(s) in frame 111
[INFO] [1781179809.008199]: ArUco: Published 1 detection(s) out of 1 detected markers
[INFO] [1781179809.008667]: AR Detection received: distance=0.181 m, bearing=-0.160 rad
[INFO] [1781179809.043984]: ArUco: Detected 1 marker(s) in frame 112
[INFO] [1781179809.067695]: ArUco: Published 1 detection(s) out of 1 detected markers
[INFO] [1781179809.067765]: AR Detection received: distance=0.182 m, bearing=-0.160 rad
[INFO] [1781179809.088457]: ArUco: Detected 1 marker(s) in frame 113
[INFO] [1781179809.132800]: ArUco: Published 1 detection(s) out of 1 detected markers
[INFO] [1781179809.133108]: AR Detection received: distance=0.181 m, bearing=-0.160 rad
[INFO] [1781179809.154783]: ArUco: Detected 1 marker(s) in frame 114
[INFO] [1781179809.172361]: ArUco: Published 1 detection(s) out of 1 detected markers
[INFO] [1781179809.172704]: AR Detection received: distance=0.182 m, bearing=-0.159 rad
[INFO] [1781179809.214654]: ArUco: Detected 1 marker(s) in frame 115
[INFO] [1781179809.242480]: ArUco: Published 1 detection(s) out of 1 detected markers
[INFO] [1781179809.242846]: AR Detection received: distance=0.182 m, bearing=-0.159 rad
[INFO] [1781179809.274442]: ArUco: Detected 1 marker(s) in frame 116
[INFO] [1781179809.310711]: ArUco: Published 1 detection(s) out of 1 detected markers
[INFO] [1781179809.311010]: AR Detection received: distance=0.181 m, bearing=-0.160 rad
[INFO] [1781179809.349293]: ArUco: Detected 1 marker(s) in frame 117
[INFO] [1781179809.396199]: ArUco: Published 1 detection(s) out of 1 detected markers
[INFO] [1781179809.396530]: AR Detection received: distance=0.181 m, bearing=-0.160 rad
[INFO] [1781179809.448455]: ArUco: Detected 1 marker(s) in frame 118
[INFO] [1781179809.502058]: ArUco: Published 1 detection(s) out of 1 detected markers
[INFO] [1781179809.502321]: AR Detection received: distance=0.182 m, bearing=-0.159 rad
[INFO] [1781179809.530630]: ArUco: Detected 1 marker(s) in frame 119
[INFO] [1781179809.562607]: ArUco: Published 1 detection(s) out of 1 detected markers
[INFO] [1781179809.562884]: AR Detection received: distance=0.181 m, bearing=-0.160 rad
[INFO] [1781179809.596559]: ArUco: Detected 1 marker(s) in frame 120
[INFO] [1781179809.629014]: ArUco: Published 1 detection(s) out of 1 detected markers
[INFO] [1781179809.629329]: AR Detection received: distance=0.181 m, bearing=-0.160 rad
[INFO] [1781179809.646926]: ArUco: Detected 1 marker(s) in frame 121
[INFO] [1781179809.677004]: ArUco: Published 1 detection(s) out of 1 detected markers
[INFO] [1781179809.677275]: AR Detection received: distance=0.182 m, bearing=-0.159 rad
[INFO] [1781179809.710442]: ArUco: Detected 1 marker(s) in frame 122
[INFO] [1781179809.735344]: ArUco: Published 1 detection(s) out of 1 detected markers
[INFO] [1781179809.735717]: AR Detection received: distance=0.182 m, bearing=-0.159 rad
[INFO] [1781179809.804994]: ArUco: Detected 1 marker(s) in frame 123
[INFO] [1781179809.835095]: ArUco: Published 1 detection(s) out of 1 detected markers
[INFO] [1781179809.835453]: AR Detection received: distance=0.182 m, bearing=-0.159 rad
[INFO] [1781179809.871931]: ArUco: Detected 1 marker(s) in frame 124
[INFO] [1781179809.896407]: ArUco: Published 1 detection(s) out of 1 detected markers
[INFO] [1781179809.897669]: AR Detection received: distance=0.182 m, bearing=-0.159 rad
[INFO] [1781179809.927974]: ArUco: Detected 1 marker(s) in frame 125
[INFO] [1781179809.958250]: ArUco: Published 1 detection(s) out of 1 detected markers
[INFO] [1781179809.958472]: AR Detection received: distance=0.182 m, bearing=-0.159 rad
[INFO] [1781179810.016070]: ArUco: Detected 1 marker(s) in frame 126
[INFO] [1781179810.038474]: ArUco: Published 1 detection(s) out of 1 detected markers
[INFO] [1781179810.041074]: AR Detection received: distance=0.182 m, bearing=-0.159 rad
[INFO] [1781179810.072829]: ArUco: Detected 1 marker(s) in frame 127
[INFO] [1781179810.101994]: ArUco: Published 1 detection(s) out of 1 detected markers
[INFO] [1781179810.102238]: AR Detection received: distance=0.182 m, bearing=-0.159 rad
[INFO] [1781179810.135378]: ArUco: Detected 1 marker(s) in frame 128
[INFO] [1781179810.160723]: ArUco: Published 1 detection(s) out of 1 detected markers
[INFO] [1781179810.161245]: AR Detection received: distance=0.182 m, bearing=-0.159 rad
[INFO] [1781179810.198137]: ArUco: Detected 1 marker(s) in frame 129
[INFO] [1781179810.215096]: ArUco: Published 1 detection(s) out of 1 detected markers
[INFO] [1781179810.215292]: AR Detection received: distance=0.182 m, bearing=-0.159 rad
[INFO] [1781179810.267442]: ArUco: Detected 1 marker(s) in frame 130
[INFO] [1781179810.301630]: ArUco: Published 1 detection(s) out of 1 detected markers
[INFO] [1781179810.302240]: AR Detection received: distance=0.182 m, bearing=-0.159 rad
[INFO] [1781179810.363754]: ArUco: Detected 1 marker(s) in frame 131
[INFO] [1781179810.398299]: ArUco: Published 1 detection(s) out of 1 detected markers
[INFO] [1781179810.398741]: AR Detection received: distance=0.181 m, bearing=-0.160 rad
[INFO] [1781179810.434975]: ArUco: Detected 1 marker(s) in frame 132
[INFO] [1781179810.462997]: ArUco: Published 1 detection(s) out of 1 detected markers
[INFO] [1781179810.463076]: AR Detection received: distance=0.182 m, bearing=-0.159 rad
[INFO] [1781179810.497925]: ArUco: Detected 1 marker(s) in frame 133
[INFO] [1781179810.537934]: ArUco: Published 1 detection(s) out of 1 detected markers
[INFO] [1781179810.538139]: AR Detection received: distance=0.182 m, bearing=-0.159 rad
[INFO] [1781179810.565830]: ArUco: Detected 1 marker(s) in frame 134
[INFO] [1781179810.593297]: ArUco: Published 1 detection(s) out of 1 detected markers
[INFO] [1781179810.593510]: AR Detection received: distance=0.182 m, bearing=-0.159 rad
[INFO] [1781179810.612875]: ArUco: Detected 1 marker(s) in frame 135
[INFO] [1781179810.644208]: ArUco: Published 1 detection(s) out of 1 detected markers
[INFO] [1781179810.644484]: AR Detection received: distance=0.182 m, bearing=-0.159 rad
[INFO] [1781179810.678530]: ArUco: Detected 1 marker(s) in frame 136
[INFO] [1781179810.723492]: ArUco: Published 1 detection(s) out of 1 detected markers
[INFO] [1781179810.723727]: AR Detection received: distance=0.182 m, bearing=-0.159 rad
[INFO] [1781179810.750250]: ArUco: Detected 1 marker(s) in frame 137
[INFO] [1781179810.767611]: ArUco: Published 1 detection(s) out of 1 detected markers
[INFO] [1781179810.767835]: AR Detection received: distance=0.182 m, bearing=-0.159 rad
[INFO] [1781179810.805653]: ArUco: Detected 1 marker(s) in frame 138
[INFO] [1781179810.836329]: ArUco: Published 1 detection(s) out of 1 detected markers
[INFO] [1781179810.836698]: AR Detection received: distance=0.182 m, bearing=-0.159 rad
[INFO] [1781179810.863209]: ArUco: Detected 1 marker(s) in frame 139
[INFO] [1781179810.879835]: ArUco: Published 1 detection(s) out of 1 detected markers
[INFO] [1781179810.880104]: AR Detection received: distance=0.181 m, bearing=-0.160 rad
[INFO] [1781179810.913545]: ArUco: Detected 1 marker(s) in frame 140
[INFO] [1781179810.941609]: ArUco: Published 1 detection(s) out of 1 detected markers
[INFO] [1781179810.941851]: AR Detection received: distance=0.182 m, bearing=-0.159 rad
[INFO] [1781179810.981996]: ArUco: Detected 1 marker(s) in frame 141
[INFO] [1781179811.028721]: ArUco: Published 1 detection(s) out of 1 detected markers
[INFO] [1781179811.029038]: AR Detection received: distance=0.181 m, bearing=-0.160 rad
[INFO] [1781179811.065327]: ArUco: Detected 1 marker(s) in frame 142
[INFO] [1781179811.099363]: ArUco: Published 1 detection(s) out of 1 detected markers
[INFO] [1781179811.099589]: AR Detection received: distance=0.182 m, bearing=-0.159 rad
[INFO] [1781179811.162070]: ArUco: Detected 1 marker(s) in frame 143
[INFO] [1781179811.198523]: ArUco: Published 1 detection(s) out of 1 detected markers
[INFO] [1781179811.198825]: AR Detection received: distance=0.181 m, bearing=-0.160 rad
[INFO] [1781179811.230762]: ArUco: Detected 1 marker(s) in frame 144
[INFO] [1781179811.246502]: ArUco: Published 1 detection(s) out of 1 detected markers
[INFO] [1781179811.246696]: AR Detection received: distance=0.182 m, bearing=-0.159 rad
[INFO] [1781179811.277818]: ArUco: Detected 1 marker(s) in frame 145
[INFO] [1781179811.308097]: ArUco: Published 1 detection(s) out of 1 detected markers
[INFO] [1781179811.308546]: AR Detection received: distance=0.181 m, bearing=-0.160 rad
[INFO] [1781179811.363152]: ArUco: Detected 1 marker(s) in frame 146
[INFO] [1781179811.387609]: ArUco: Published 1 detection(s) out of 1 detected markers
[INFO] [1781179811.387872]: AR Detection received: distance=0.181 m, bearing=-0.160 rad
[INFO] [1781179811.436933]: ArUco: Detected 1 marker(s) in frame 147
[INFO] [1781179811.466300]: ArUco: Published 1 detection(s) out of 1 detected markers
[INFO] [1781179811.466783]: AR Detection received: distance=0.181 m, bearing=-0.160 rad
[INFO] [1781179811.497376]: ArUco: Detected 1 marker(s) in frame 148
[INFO] [1781179811.525810]: ArUco: Published 1 detection(s) out of 1 detected markers
[INFO] [1781179811.526146]: AR Detection received: distance=0.181 m, bearing=-0.160 rad
[INFO] [1781179811.542526]: ArUco: Detected 1 marker(s) in frame 149
[INFO] [1781179811.569116]: ArUco: Published 1 detection(s) out of 1 detected markers
[INFO] [1781179811.569333]: AR Detection received: distance=0.181 m, bearing=-0.160 rad
[INFO] [1781179811.604228]: ArUco: Detected 1 marker(s) in frame 150
[INFO] [1781179811.628472]: ArUco: Published 1 detection(s) out of 1 detected markers
[INFO] [1781179811.628979]: AR Detection received: distance=0.182 m, bearing=-0.159 rad
[INFO] [1781179811.645804]: ArUco: Detected 1 marker(s) in frame 151
[INFO] [1781179811.680932]: ArUco: Published 1 detection(s) out of 1 detected markers
[INFO] [1781179811.681332]: AR Detection received: distance=0.181 m, bearing=-0.160 rad
[INFO] [1781179811.741146]: ArUco: Detected 1 marker(s) in frame 152
[INFO] [1781179811.769738]: ArUco: Published 1 detection(s) out of 1 detected markers
[INFO] [1781179811.770197]: AR Detection received: distance=0.182 m, bearing=-0.159 rad
[INFO] [1781179811.790391]: ArUco: Detected 1 marker(s) in frame 153
[INFO] [1781179811.829903]: ArUco: Published 1 detection(s) out of 1 detected markers
[INFO] [1781179811.830538]: AR Detection received: distance=0.181 m, bearing=-0.160 rad
[INFO] [1781179811.846560]: ArUco: Detected 1 marker(s) in frame 154
[INFO] [1781179811.873435]: ArUco: Published 1 detection(s) out of 1 detected markers
[INFO] [1781179811.873919]: AR Detection received: distance=0.182 m, bearing=-0.159 rad
[INFO] [1781179811.906062]: ArUco: Detected 1 marker(s) in frame 155
[INFO] [1781179811.931684]: ArUco: Published 1 detection(s) out of 1 detected markers
[INFO] [1781179811.931941]: AR Detection received: distance=0.182 m, bearing=-0.159 rad
[INFO] [1781179811.947726]: ArUco: Detected 1 marker(s) in frame 156
[INFO] [1781179811.989637]: ArUco: Published 1 detection(s) out of 1 detected markers
[INFO] [1781179811.989860]: AR Detection received: distance=0.181 m, bearing=-0.160 rad
[INFO] [1781179812.034091]: ArUco: Detected 1 marker(s) in frame 157
[INFO] [1781179812.061884]: ArUco: Published 1 detection(s) out of 1 detected markers
[INFO] [1781179812.062498]: AR Detection received: distance=0.182 m, bearing=-0.159 rad
[INFO] [1781179812.081046]: ArUco: Detected 1 marker(s) in frame 158
[INFO] [1781179812.108216]: ArUco: Published 1 detection(s) out of 1 detected markers
[INFO] [1781179812.108480]: AR Detection received: distance=0.181 m, bearing=-0.160 rad
[INFO] [1781179812.145102]: ArUco: Detected 1 marker(s) in frame 159
[INFO] [1781179812.170624]: ArUco: Published 1 detection(s) out of 1 detected markers
[INFO] [1781179812.170904]: AR Detection received: distance=0.182 m, bearing=-0.159 rad
[INFO] [1781179812.203134]: ArUco: Detected 1 marker(s) in frame 160
[INFO] [1781179812.231402]: ArUco: Published 1 detection(s) out of 1 detected markers
[INFO] [1781179812.231631]: AR Detection received: distance=0.181 m, bearing=-0.160 rad
[INFO] [1781179812.252171]: ArUco: Detected 1 marker(s) in frame 161
[INFO] [1781179812.273730]: ArUco: Published 1 detection(s) out of 1 detected markers
[INFO] [1781179812.273983]: AR Detection received: distance=0.181 m, bearing=-0.160 rad
[INFO] [1781179812.309741]: ArUco: Detected 1 marker(s) in frame 162
[INFO] [1781179812.342628]: ArUco: Published 1 detection(s) out of 1 detected markers
[INFO] [1781179812.342845]: AR Detection received: distance=0.182 m, bearing=-0.159 rad
[INFO] [1781179812.391760]: ArUco: Detected 1 marker(s) in frame 163
[INFO] [1781179812.407485]: ArUco: Published 1 detection(s) out of 1 detected markers
[INFO] [1781179812.407955]: AR Detection received: distance=0.181 m, bearing=-0.160 rad
[INFO] [1781179812.442531]: ArUco: Detected 1 marker(s) in frame 164
[INFO] [1781179812.496184]: ArUco: Published 1 detection(s) out of 1 detected markers
[INFO] [1781179812.496761]: AR Detection received: distance=0.182 m, bearing=-0.159 rad
[INFO] [1781179812.564332]: ArUco: Detected 1 marker(s) in frame 165
[INFO] [1781179812.578570]: ArUco: Published 1 detection(s) out of 1 detected markers
[INFO] [1781179812.578665]: AR Detection received: distance=0.181 m, bearing=-0.160 rad
[INFO] [1781179812.608349]: ArUco: Detected 1 marker(s) in frame 166
[INFO] [1781179812.659184]: ArUco: Published 1 detection(s) out of 1 detected markers
[INFO] [1781179812.659411]: AR Detection received: distance=0.182 m, bearing=-0.159 rad
[INFO] [1781179812.696308]: ArUco: Detected 1 marker(s) in frame 167
[INFO] [1781179812.708973]: ArUco: Published 1 detection(s) out of 1 detected markers
[INFO] [1781179812.709299]: AR Detection received: distance=0.181 m, bearing=-0.160 rad
[INFO] [1781179812.746861]: ArUco: Detected 1 marker(s) in frame 168
[INFO] [1781179812.764890]: ArUco: Published 1 detection(s) out of 1 detected markers
[INFO] [1781179812.765301]: AR Detection received: distance=0.182 m, bearing=-0.159 rad
[INFO] [1781179812.801592]: ArUco: Detected 1 marker(s) in frame 169
[INFO] [1781179812.821727]: ArUco: Published 1 detection(s) out of 1 detected markers
[INFO] [1781179812.822175]: AR Detection received: distance=0.181 m, bearing=-0.160 rad
[INFO] [1781179812.849954]: ArUco: Detected 1 marker(s) in frame 170
[INFO] [1781179812.891270]: ArUco: Published 1 detection(s) out of 1 detected markers
[INFO] [1781179812.892247]: AR Detection received: distance=0.181 m, bearing=-0.160 rad
[INFO] [1781179812.912549]: ArUco: Detected 1 marker(s) in frame 171
[INFO] [1781179812.943154]: ArUco: Published 1 detection(s) out of 1 detected markers
[INFO] [1781179812.943246]: AR Detection received: distance=0.181 m, bearing=-0.160 rad
[INFO] [1781179813.010309]: ArUco: Detected 1 marker(s) in frame 172
[INFO] [1781179813.040167]: ArUco: Published 1 detection(s) out of 1 detected markers
[INFO] [1781179813.040557]: AR Detection received: distance=0.182 m, bearing=-0.159 rad
[INFO] [1781179813.071544]: ArUco: Detected 1 marker(s) in frame 173
[INFO] [1781179813.140450]: ArUco: Published 1 detection(s) out of 1 detected markers
[INFO] [1781179813.140862]: AR Detection received: distance=0.182 m, bearing=-0.159 rad
[INFO] [1781179813.187345]: ArUco: Detected 1 marker(s) in frame 174
[INFO] [1781179813.220167]: ArUco: Published 1 detection(s) out of 1 detected markers
[INFO] [1781179813.220639]: AR Detection received: distance=0.182 m, bearing=-0.159 rad
[INFO] [1781179813.262483]: ArUco: Detected 1 marker(s) in frame 175
[INFO] [1781179813.274069]: ArUco: Published 1 detection(s) out of 1 detected markers
[INFO] [1781179813.274296]: AR Detection received: distance=0.182 m, bearing=-0.159 rad
[INFO] [1781179813.308845]: ArUco: Detected 1 marker(s) in frame 176
[INFO] [1781179813.336481]: ArUco: Published 1 detection(s) out of 1 detected markers
[INFO] [1781179813.336893]: AR Detection received: distance=0.182 m, bearing=-0.159 rad
[INFO] [1781179813.379251]: ArUco: Detected 1 marker(s) in frame 177
[INFO] [1781179813.409858]: ArUco: Published 1 detection(s) out of 1 detected markers
[INFO] [1781179813.410228]: AR Detection received: distance=0.181 m, bearing=-0.160 rad
[INFO] [1781179813.441327]: ArUco: Detected 1 marker(s) in frame 178
[INFO] [1781179813.471118]: ArUco: Published 1 detection(s) out of 1 detected markers
[INFO] [1781179813.471515]: AR Detection received: distance=0.182 m, bearing=-0.159 rad
[INFO] [1781179813.493191]: ArUco: Detected 1 marker(s) in frame 179
[INFO] [1781179813.518929]: ArUco: Published 1 detection(s) out of 1 detected markers
[INFO] [1781179813.519163]: AR Detection received: distance=0.181 m, bearing=-0.160 rad
[INFO] [1781179813.547294]: ArUco: Detected 1 marker(s) in frame 180
[INFO] [1781179813.570789]: ArUco: Published 1 detection(s) out of 1 detected markers
[INFO] [1781179813.571009]: AR Detection received: distance=0.181 m, bearing=-0.160 rad
[INFO] [1781179813.601231]: ArUco: Detected 1 marker(s) in frame 181
[INFO] [1781179813.623605]: ArUco: Published 1 detection(s) out of 1 detected markers
[INFO] [1781179813.623798]: AR Detection received: distance=0.182 m, bearing=-0.159 rad
[INFO] [1781179813.641588]: ArUco: Detected 1 marker(s) in frame 182
[INFO] [1781179813.682881]: ArUco: Published 1 detection(s) out of 1 detected markers
[INFO] [1781179813.683382]: AR Detection received: distance=0.181 m, bearing=-0.160 rad
[INFO] [1781179813.730332]: ArUco: Detected 1 marker(s) in frame 183
[INFO] [1781179813.744775]: ArUco: Published 1 detection(s) out of 1 detected markers
[INFO] [1781179813.744893]: AR Detection received: distance=0.182 m, bearing=-0.159 rad
[INFO] [1781179813.778538]: ArUco: Detected 1 marker(s) in frame 184
[INFO] [1781179813.840082]: ArUco: Published 1 detection(s) out of 1 detected markers
[INFO] [1781179813.840525]: AR Detection received: distance=0.181 m, bearing=-0.160 rad
[INFO] [1781179813.876819]: ArUco: Detected 1 marker(s) in frame 185
[INFO] [1781179813.902385]: ArUco: Published 1 detection(s) out of 1 detected markers
[INFO] [1781179813.902483]: AR Detection received: distance=0.181 m, bearing=-0.160 rad
[INFO] [1781179813.943997]: ArUco: Detected 1 marker(s) in frame 186
[INFO] [1781179813.974171]: ArUco: Published 1 detection(s) out of 1 detected markers
[INFO] [1781179813.974492]: AR Detection received: distance=0.181 m, bearing=-0.160 rad
[INFO] [1781179814.010576]: ArUco: Detected 1 marker(s) in frame 187
[INFO] [1781179814.038542]: ArUco: Published 1 detection(s) out of 1 detected markers
[INFO] [1781179814.038759]: AR Detection received: distance=0.181 m, bearing=-0.160 rad
[INFO] [1781179814.073570]: ArUco: Detected 1 marker(s) in frame 188
[INFO] [1781179814.105925]: ArUco: Published 1 detection(s) out of 1 detected markers
[INFO] [1781179814.106357]: AR Detection received: distance=0.182 m, bearing=-0.159 rad
[INFO] [1781179814.136964]: ArUco: Detected 1 marker(s) in frame 189
[INFO] [1781179814.167748]: ArUco: Published 1 detection(s) out of 1 detected markers
[INFO] [1781179814.168100]: AR Detection received: distance=0.182 m, bearing=-0.159 rad
[INFO] [1781179814.199959]: ArUco: Detected 1 marker(s) in frame 190
[INFO] [1781179814.228432]: ArUco: Published 1 detection(s) out of 1 detected markers
[INFO] [1781179814.228920]: AR Detection received: distance=0.181 m, bearing=-0.160 rad
[INFO] [1781179814.246654]: ArUco: Detected 1 marker(s) in frame 192
[INFO] [1781179814.282111]: ArUco: Published 1 detection(s) out of 1 detected markers
[INFO] [1781179814.282336]: AR Detection received: distance=0.182 m, bearing=-0.159 rad
[INFO] [1781179814.315049]: ArUco: Detected 1 marker(s) in frame 193
[INFO] [1781179814.340803]: ArUco: Published 1 detection(s) out of 1 detected markers
[INFO] [1781179814.340992]: AR Detection received: distance=0.182 m, bearing=-0.159 rad
[INFO] [1781179814.400872]: ArUco: Detected 1 marker(s) in frame 194
[INFO] [1781179814.441684]: ArUco: Published 1 detection(s) out of 1 detected markers
[INFO] [1781179814.441906]: AR Detection received: distance=0.182 m, bearing=-0.159 rad
[INFO] [1781179814.511414]: ArUco: Detected 1 marker(s) in frame 195
[INFO] [1781179814.543564]: ArUco: Published 1 detection(s) out of 1 detected markers
[INFO] [1781179814.543833]: AR Detection received: distance=0.182 m, bearing=-0.159 rad
[INFO] [1781179814.607178]: ArUco: Detected 1 marker(s) in frame 196
[INFO] [1781179814.638937]: ArUco: Published 1 detection(s) out of 1 detected markers
[INFO] [1781179814.639266]: AR Detection received: distance=0.181 m, bearing=-0.160 rad
[INFO] [1781179814.674568]: ArUco: Detected 1 marker(s) in frame 197
[INFO] [1781179814.704365]: ArUco: Published 1 detection(s) out of 1 detected markers
[INFO] [1781179814.704701]: AR Detection received: distance=0.181 m, bearing=-0.160 rad
[INFO] [1781179814.737514]: ArUco: Detected 1 marker(s) in frame 198
[INFO] [1781179814.763378]: ArUco: Published 1 detection(s) out of 1 detected markers
[INFO] [1781179814.763590]: AR Detection received: distance=0.182 m, bearing=-0.159 rad
[INFO] [1781179814.798996]: ArUco: Detected 1 marker(s) in frame 199
[INFO] [1781179814.817801]: ArUco: Published 1 detection(s) out of 1 detected markers
[INFO] [1781179814.817994]: AR Detection received: distance=0.182 m, bearing=-0.159 rad
[INFO] [1781179814.870564]: ArUco: Detected 1 marker(s) in frame 200
[INFO] [1781179814.903386]: ArUco: Published 1 detection(s) out of 1 detected markers
[INFO] [1781179814.903773]: AR Detection received: distance=0.181 m, bearing=-0.160 rad
[INFO] [1781179814.938012]: ArUco: Detected 1 marker(s) in frame 201
[INFO] [1781179814.967962]: ArUco: Published 1 detection(s) out of 1 detected markers
[INFO] [1781179814.968455]: AR Detection received: distance=0.181 m, bearing=-0.160 rad
[INFO] [1781179815.004214]: ArUco: Detected 1 marker(s) in frame 202
[INFO] [1781179815.042239]: ArUco: Published 1 detection(s) out of 1 detected markers
[INFO] [1781179815.042723]: AR Detection received: distance=0.182 m, bearing=-0.159 rad
[INFO] [1781179815.088226]: ArUco: Detected 1 marker(s) in frame 203
[INFO] [1781179815.111078]: ArUco: Published 1 detection(s) out of 1 detected markers
[INFO] [1781179815.111475]: AR Detection received: distance=0.182 m, bearing=-0.159 rad
[INFO] [1781179815.209881]: ArUco: Detected 1 marker(s) in frame 205
[INFO] [1781179815.233481]: ArUco: Published 1 detection(s) out of 1 detected markers
[INFO] [1781179815.233675]: AR Detection received: distance=0.181 m, bearing=-0.160 rad
[INFO] [1781179815.271686]: ArUco: Detected 1 marker(s) in frame 206
[INFO] [1781179815.306956]: ArUco: Published 1 detection(s) out of 1 detected markers
[INFO] [1781179815.307206]: AR Detection received: distance=0.182 m, bearing=-0.159 rad
[INFO] [1781179815.335009]: ArUco: Detected 1 marker(s) in frame 207
[INFO] [1781179815.364170]: ArUco: Published 1 detection(s) out of 1 detected markers
[INFO] [1781179815.364401]: AR Detection received: distance=0.182 m, bearing=-0.159 rad
[INFO] [1781179815.383144]: ArUco: Detected 1 marker(s) in frame 208
[INFO] [1781179815.405898]: ArUco: Published 1 detection(s) out of 1 detected markers
[INFO] [1781179815.406425]: AR Detection received: distance=0.182 m, bearing=-0.159 rad
[INFO] [1781179815.437253]: ArUco: Detected 1 marker(s) in frame 209
[INFO] [1781179815.463756]: ArUco: Published 1 detection(s) out of 1 detected markers
[INFO] [1781179815.464002]: AR Detection received: distance=0.181 m, bearing=-0.160 rad
[INFO] [1781179815.495993]: ArUco: Detected 1 marker(s) in frame 210
[INFO] [1781179815.529462]: ArUco: Published 1 detection(s) out of 1 detected markers
[INFO] [1781179815.529934]: AR Detection received: distance=0.182 m, bearing=-0.159 rad
[INFO] [1781179815.571380]: ArUco: Detected 1 marker(s) in frame 211
[INFO] [1781179815.607335]: ArUco: Published 1 detection(s) out of 1 detected markers
[INFO] [1781179815.607658]: AR Detection received: distance=0.181 m, bearing=-0.160 rad
[INFO] [1781179815.639877]: ArUco: Detected 1 marker(s) in frame 212
[INFO] [1781179815.673064]: ArUco: Published 1 detection(s) out of 1 detected markers
[INFO] [1781179815.673317]: AR Detection received: distance=0.182 m, bearing=-0.159 rad
[INFO] [1781179815.709560]: ArUco: Detected 1 marker(s) in frame 213
[INFO] [1781179815.732570]: ArUco: Published 1 detection(s) out of 1 detected markers
[INFO] [1781179815.732778]: AR Detection received: distance=0.181 m, bearing=-0.160 rad
[INFO] [1781179815.753686]: ArUco: Detected 1 marker(s) in frame 214
[INFO] [1781179815.776458]: ArUco: Published 1 detection(s) out of 1 detected markers
[INFO] [1781179815.776525]: AR Detection received: distance=0.181 m, bearing=-0.160 rad
[INFO] [1781179815.829865]: ArUco: Detected 1 marker(s) in frame 215
[INFO] [1781179815.842418]: ArUco: Published 1 detection(s) out of 1 detected markers
[INFO] [1781179815.842869]: AR Detection received: distance=0.182 m, bearing=-0.159 rad
[INFO] [1781179815.878103]: ArUco: Detected 1 marker(s) in frame 216
[INFO] [1781179815.907506]: ArUco: Published 1 detection(s) out of 1 detected markers
[INFO] [1781179815.907742]: AR Detection received: distance=0.181 m, bearing=-0.160 rad
[INFO] [1781179815.941065]: ArUco: Detected 1 marker(s) in frame 217
[INFO] [1781179815.976703]: ArUco: Published 1 detection(s) out of 1 detected markers
[INFO] [1781179815.976905]: AR Detection received: distance=0.182 m, bearing=-0.159 rad
[INFO] [1781179816.011112]: ArUco: Detected 1 marker(s) in frame 218
[INFO] [1781179816.040568]: ArUco: Published 1 detection(s) out of 1 detected markers
[INFO] [1781179816.040826]: AR Detection received: distance=0.181 m, bearing=-0.160 rad
[INFO] [1781179816.083398]: ArUco: Detected 1 marker(s) in frame 219
[INFO] [1781179816.108407]: ArUco: Published 1 detection(s) out of 1 detected markers
[INFO] [1781179816.108757]: AR Detection received: distance=0.182 m, bearing=-0.159 rad
[INFO] [1781179816.143207]: ArUco: Detected 1 marker(s) in frame 220
[INFO] [1781179816.175420]: ArUco: Published 1 detection(s) out of 1 detected markers
[INFO] [1781179816.175673]: AR Detection received: distance=0.182 m, bearing=-0.159 rad
[INFO] [1781179816.207686]: ArUco: Detected 1 marker(s) in frame 221
[INFO] [1781179816.242531]: ArUco: Published 1 detection(s) out of 1 detected markers
[INFO] [1781179816.242909]: AR Detection received: distance=0.181 m, bearing=-0.160 rad
[INFO] [1781179816.299335]: ArUco: Detected 1 marker(s) in frame 222
[INFO] [1781179816.317402]: ArUco: Published 1 detection(s) out of 1 detected markers
[INFO] [1781179816.320014]: AR Detection received: distance=0.182 m, bearing=-0.159 rad
[INFO] [1781179816.365855]: ArUco: Detected 1 marker(s) in frame 223
[INFO] [1781179816.423300]: ArUco: Published 1 detection(s) out of 1 detected markers
[INFO] [1781179816.423681]: AR Detection received: distance=0.181 m, bearing=-0.160 rad
[INFO] [1781179816.478025]: ArUco: Detected 1 marker(s) in frame 224
[INFO] [1781179816.507801]: ArUco: Published 1 detection(s) out of 1 detected markers
[INFO] [1781179816.508194]: AR Detection received: distance=0.181 m, bearing=-0.160 rad
[INFO] [1781179816.544564]: ArUco: Detected 1 marker(s) in frame 225
[INFO] [1781179816.577523]: ArUco: Published 1 detection(s) out of 1 detected markers
[INFO] [1781179816.577816]: AR Detection received: distance=0.181 m, bearing=-0.160 rad
[INFO] [1781179816.610654]: ArUco: Detected 1 marker(s) in frame 226
[INFO] [1781179816.640505]: ArUco: Published 1 detection(s) out of 1 detected markers
[INFO] [1781179816.640717]: AR Detection received: distance=0.182 m, bearing=-0.159 rad
[INFO] [1781179816.690036]: ArUco: Detected 1 marker(s) in frame 227
[INFO] [1781179816.737743]: ArUco: Published 1 detection(s) out of 1 detected markers
[INFO] [1781179816.738076]: AR Detection received: distance=0.182 m, bearing=-0.159 rad
[INFO] [1781179816.774969]: ArUco: Detected 1 marker(s) in frame 228
[INFO] [1781179816.809819]: ArUco: Published 1 detection(s) out of 1 detected markers
[INFO] [1781179816.810126]: AR Detection received: distance=0.181 m, bearing=-0.160 rad
[INFO] [1781179816.863278]: ArUco: Detected 1 marker(s) in frame 229
[INFO] [1781179816.893148]: ArUco: Published 1 detection(s) out of 1 detected markers
[INFO] [1781179816.893632]: AR Detection received: distance=0.182 m, bearing=-0.159 rad
[INFO] [1781179816.920112]: ArUco: Detected 1 marker(s) in frame 230
[INFO] [1781179816.960958]: ArUco: Published 1 detection(s) out of 1 detected markers
[INFO] [1781179816.961273]: AR Detection received: distance=0.181 m, bearing=-0.160 rad
[INFO] [1781179816.990979]: ArUco: Detected 1 marker(s) in frame 231
[INFO] [1781179817.020460]: ArUco: Published 1 detection(s) out of 1 detected markers
[INFO] [1781179817.020868]: AR Detection received: distance=0.182 m, bearing=-0.159 rad
[INFO] [1781179817.072089]: ArUco: Detected 1 marker(s) in frame 232
[INFO] [1781179817.109322]: ArUco: Published 1 detection(s) out of 1 detected markers
[INFO] [1781179817.109611]: AR Detection received: distance=0.182 m, bearing=-0.159 rad
[INFO] [1781179817.152285]: ArUco: Detected 1 marker(s) in frame 233
[INFO] [1781179817.170859]: ArUco: Published 1 detection(s) out of 1 detected markers
[INFO] [1781179817.171079]: AR Detection received: distance=0.182 m, bearing=-0.159 rad
[INFO] [1781179817.207890]: ArUco: Detected 1 marker(s) in frame 234
[INFO] [1781179817.260638]: ArUco: Published 1 detection(s) out of 1 detected markers
[INFO] [1781179817.261346]: AR Detection received: distance=0.182 m, bearing=-0.159 rad
[INFO] [1781179817.303499]: ArUco: Detected 1 marker(s) in frame 235
[INFO] [1781179817.331160]: ArUco: Published 1 detection(s) out of 1 detected markers
[INFO] [1781179817.331353]: AR Detection received: distance=0.182 m, bearing=-0.159 rad
[INFO] [1781179817.367734]: ArUco: Detected 1 marker(s) in frame 236
[INFO] [1781179817.399482]: ArUco: Published 1 detection(s) out of 1 detected markers
[INFO] [1781179817.399908]: AR Detection received: distance=0.182 m, bearing=-0.159 rad
[INFO] [1781179817.436117]: ArUco: Detected 1 marker(s) in frame 237
[INFO] [1781179817.464471]: ArUco: Published 1 detection(s) out of 1 detected markers
[INFO] [1781179817.464759]: AR Detection received: distance=0.182 m, bearing=-0.159 rad
[INFO] [1781179817.507978]: ArUco: Detected 1 marker(s) in frame 238
[INFO] [1781179817.526364]: ArUco: Published 1 detection(s) out of 1 detected markers
[INFO] [1781179817.526584]: AR Detection received: distance=0.182 m, bearing=-0.159 rad
[INFO] [1781179817.560572]: ArUco: Detected 1 marker(s) in frame 239
[INFO] [1781179817.600496]: ArUco: Published 1 detection(s) out of 1 detected markers
[INFO] [1781179817.600938]: AR Detection received: distance=0.181 m, bearing=-0.160 rad
[INFO] [1781179817.631376]: ArUco: Detected 1 marker(s) in frame 240
[INFO] [1781179817.665495]: ArUco: Published 1 detection(s) out of 1 detected markers
[INFO] [1781179817.665866]: AR Detection received: distance=0.181 m, bearing=-0.160 rad
[INFO] [1781179817.706262]: ArUco: Detected 1 marker(s) in frame 241
[INFO] [1781179817.802547]: ArUco: Published 1 detection(s) out of 1 detected markers
[INFO] [1781179817.803012]: AR Detection received: distance=0.181 m, bearing=-0.160 rad
[INFO] [1781179817.831029]: ArUco: Detected 1 marker(s) in frame 242
[INFO] [1781179817.870427]: ArUco: Published 1 detection(s) out of 1 detected markers
[INFO] [1781179817.870836]: AR Detection received: distance=0.182 m, bearing=-0.159 rad
[INFO] [1781179817.903172]: ArUco: Detected 1 marker(s) in frame 243
[INFO] [1781179817.931534]: ArUco: Published 1 detection(s) out of 1 detected markers
[INFO] [1781179817.931889]: AR Detection received: distance=0.182 m, bearing=-0.159 rad
[INFO] [1781179817.979006]: ArUco: Detected 1 marker(s) in frame 244
[INFO] [1781179818.006855]: ArUco: Published 1 detection(s) out of 1 detected markers
[INFO] [1781179818.007204]: AR Detection received: distance=0.181 m, bearing=-0.160 rad
[INFO] [1781179818.056663]: ArUco: Detected 1 marker(s) in frame 245
[INFO] [1781179818.077719]: ArUco: Published 1 detection(s) out of 1 detected markers
[INFO] [1781179818.080246]: AR Detection received: distance=0.182 m, bearing=-0.159 rad
[INFO] [1781179818.114725]: ArUco: Detected 1 marker(s) in frame 246
[INFO] [1781179818.197678]: ArUco: Published 1 detection(s) out of 1 detected markers
[INFO] [1781179818.198143]: AR Detection received: distance=0.181 m, bearing=-0.160 rad
[INFO] [1781179818.250261]: ArUco: Detected 1 marker(s) in frame 247
[INFO] [1781179818.283719]: ArUco: Published 1 detection(s) out of 1 detected markers
[INFO] [1781179818.284337]: AR Detection received: distance=0.181 m, bearing=-0.160 rad
[INFO] [1781179818.346455]: ArUco: Detected 1 marker(s) in frame 248
[INFO] [1781179818.384482]: ArUco: Published 1 detection(s) out of 1 detected markers
[INFO] [1781179818.384892]: AR Detection received: distance=0.182 m, bearing=-0.159 rad
[INFO] [1781179818.430734]: ArUco: Detected 1 marker(s) in frame 249
[INFO] [1781179818.468249]: ArUco: Published 1 detection(s) out of 1 detected markers
[INFO] [1781179818.468744]: AR Detection received: distance=0.182 m, bearing=-0.159 rad
[INFO] [1781179818.503295]: ArUco: Detected 1 marker(s) in frame 250
[INFO] [1781179818.570203]: ArUco: Published 1 detection(s) out of 1 detected markers
[INFO] [1781179818.570512]: AR Detection received: distance=0.181 m, bearing=-0.160 rad
[INFO] [1781179818.604051]: ArUco: Detected 1 marker(s) in frame 251
[INFO] [1781179818.656975]: ArUco: Published 1 detection(s) out of 1 detected markers
[INFO] [1781179818.657290]: AR Detection received: distance=0.182 m, bearing=-0.159 rad
[INFO] [1781179818.695037]: ArUco: Detected 1 marker(s) in frame 252
[INFO] [1781179818.724444]: ArUco: Published 1 detection(s) out of 1 detected markers
[INFO] [1781179818.724658]: AR Detection received: distance=0.182 m, bearing=-0.159 rad
[INFO] [1781179818.785680]: ArUco: Detected 1 marker(s) in frame 253
[INFO] [1781179818.859995]: ArUco: Published 1 detection(s) out of 1 detected markers
[INFO] [1781179818.860342]: AR Detection received: distance=0.181 m, bearing=-0.160 rad
[INFO] [1781179818.913645]: ArUco: Detected 1 marker(s) in frame 254
[INFO] [1781179819.029162]: ArUco: Published 1 detection(s) out of 1 detected markers
[INFO] [1781179819.029682]: AR Detection received: distance=0.181 m, bearing=-0.160 rad
[INFO] [1781179819.068218]: ArUco: Detected 1 marker(s) in frame 255
[INFO] [1781179819.194189]: ArUco: Published 1 detection(s) out of 1 detected markers
[INFO] [1781179819.195125]: AR Detection received: distance=0.182 m, bearing=-0.159 rad
[INFO] [1781179819.312083]: ArUco: Detected 1 marker(s) in frame 256
[INFO] [1781179819.365088]: ArUco: Published 1 detection(s) out of 1 detected markers
[INFO] [1781179819.365607]: AR Detection received: distance=0.182 m, bearing=-0.159 rad
[INFO] [1781179819.401885]: ArUco: Detected 1 marker(s) in frame 257
[INFO] [1781179819.436397]: ArUco: Published 1 detection(s) out of 1 detected markers
[INFO] [1781179819.436697]: AR Detection received: distance=0.182 m, bearing=-0.159 rad
[INFO] [1781179819.469373]: ArUco: Detected 1 marker(s) in frame 258
[INFO] [1781179819.497646]: ArUco: Published 1 detection(s) out of 1 detected markers
[INFO] [1781179819.497869]: AR Detection received: distance=0.182 m, bearing=-0.159 rad
[INFO] [1781179819.540781]: ArUco: Detected 1 marker(s) in frame 259
[INFO] [1781179819.566450]: ArUco: Published 1 detection(s) out of 1 detected markers
[INFO] [1781179819.566643]: AR Detection received: distance=0.182 m, bearing=-0.159 rad
[INFO] [1781179819.598892]: ArUco: Detected 1 marker(s) in frame 260
[INFO] [1781179819.623652]: ArUco: Published 1 detection(s) out of 1 detected markers
[INFO] [1781179819.623913]: AR Detection received: distance=0.181 m, bearing=-0.160 rad
[INFO] [1781179819.647979]: ArUco: Detected 1 marker(s) in frame 261
[INFO] [1781179819.670178]: ArUco: Published 1 detection(s) out of 1 detected markers
[INFO] [1781179819.670402]: AR Detection received: distance=0.182 m, bearing=-0.159 rad
[INFO] [1781179819.709105]: ArUco: Detected 1 marker(s) in frame 262
[INFO] [1781179819.738966]: ArUco: Published 1 detection(s) out of 1 detected markers
[INFO] [1781179819.739299]: AR Detection received: distance=0.181 m, bearing=-0.160 rad
[INFO] [1781179819.776285]: ArUco: Detected 1 marker(s) in frame 263
[INFO] [1781179819.806658]: ArUco: Published 1 detection(s) out of 1 detected markers
[INFO] [1781179819.807144]: AR Detection received: distance=0.182 m, bearing=-0.159 rad
[INFO] [1781179819.846821]: ArUco: Detected 1 marker(s) in frame 264
[INFO] [1781179819.869726]: ArUco: Published 1 detection(s) out of 1 detected markers
[INFO] [1781179819.870213]: AR Detection received: distance=0.182 m, bearing=-0.159 rad
[INFO] [1781179819.907491]: ArUco: Detected 1 marker(s) in frame 265
[INFO] [1781179819.933754]: ArUco: Published 1 detection(s) out of 1 detected markers
[INFO] [1781179819.934127]: AR Detection received: distance=0.181 m, bearing=-0.160 rad
[INFO] [1781179819.976469]: ArUco: Detected 1 marker(s) in frame 266
[INFO] [1781179820.005687]: ArUco: Published 1 detection(s) out of 1 detected markers
[INFO] [1781179820.005903]: AR Detection received: distance=0.182 m, bearing=-0.159 rad
[INFO] [1781179820.037863]: ArUco: Detected 1 marker(s) in frame 267
[INFO] [1781179820.067573]: ArUco: Published 1 detection(s) out of 1 detected markers
[INFO] [1781179820.067906]: AR Detection received: distance=0.181 m, bearing=-0.160 rad
[INFO] [1781179820.109591]: ArUco: Detected 1 marker(s) in frame 268
[INFO] [1781179820.195486]: ArUco: Published 1 detection(s) out of 1 detected markers
[INFO] [1781179820.195777]: AR Detection received: distance=0.181 m, bearing=-0.160 rad
[INFO] [1781179820.236814]: ArUco: Detected 1 marker(s) in frame 269
[INFO] [1781179820.263131]: ArUco: Published 1 detection(s) out of 1 detected markers
[INFO] [1781179820.263811]: AR Detection received: distance=0.182 m, bearing=-0.159 rad
[INFO] [1781179820.298636]: ArUco: Detected 1 marker(s) in frame 270
[INFO] [1781179820.330126]: ArUco: Published 1 detection(s) out of 1 detected markers
[INFO] [1781179820.330339]: AR Detection received: distance=0.181 m, bearing=-0.160 rad
[INFO] [1781179820.367919]: ArUco: Detected 1 marker(s) in frame 271
[INFO] [1781179820.394961]: ArUco: Published 1 detection(s) out of 1 detected markers
[INFO] [1781179820.395223]: AR Detection received: distance=0.181 m, bearing=-0.160 rad
[INFO] [1781179820.415877]: ArUco: Detected 1 marker(s) in frame 272
[INFO] [1781179820.455758]: ArUco: Published 1 detection(s) out of 1 detected markers
[INFO] [1781179820.456229]: AR Detection received: distance=0.182 m, bearing=-0.159 rad
[INFO] [1781179820.499137]: ArUco: Detected 1 marker(s) in frame 273
[INFO] [1781179820.537584]: ArUco: Published 1 detection(s) out of 1 detected markers
[INFO] [1781179820.537756]: AR Detection received: distance=0.182 m, bearing=-0.159 rad
[INFO] [1781179820.574773]: ArUco: Detected 1 marker(s) in frame 274
[INFO] [1781179820.603527]: ArUco: Published 1 detection(s) out of 1 detected markers
[INFO] [1781179820.603846]: AR Detection received: distance=0.182 m, bearing=-0.159 rad
[INFO] [1781179820.643530]: ArUco: Detected 1 marker(s) in frame 275
[INFO] [1781179820.711836]: ArUco: Published 1 detection(s) out of 1 detected markers
[INFO] [1781179820.712325]: AR Detection received: distance=0.182 m, bearing=-0.159 rad
[INFO] [1781179820.769280]: ArUco: Detected 1 marker(s) in frame 276
[INFO] [1781179820.798166]: ArUco: Published 1 detection(s) out of 1 detected markers
[INFO] [1781179820.798610]: AR Detection received: distance=0.182 m, bearing=-0.159 rad
[INFO] [1781179820.834840]: ArUco: Detected 1 marker(s) in frame 277
[INFO] [1781179820.856101]: ArUco: Published 1 detection(s) out of 1 detected markers
[INFO] [1781179820.856318]: AR Detection received: distance=0.181 m, bearing=-0.160 rad
[INFO] [1781179820.878528]: ArUco: Detected 1 marker(s) in frame 278
[INFO] [1781179820.904129]: ArUco: Published 1 detection(s) out of 1 detected markers
[INFO] [1781179820.904500]: AR Detection received: distance=0.182 m, bearing=-0.159 rad
[INFO] [1781179820.941666]: ArUco: Detected 1 marker(s) in frame 279
[INFO] [1781179820.970412]: ArUco: Published 1 detection(s) out of 1 detected markers
[INFO] [1781179820.970855]: AR Detection received: distance=0.181 m, bearing=-0.160 rad
[INFO] [1781179820.999698]: ArUco: Detected 1 marker(s) in frame 280
[INFO] [1781179821.028374]: ArUco: Published 1 detection(s) out of 1 detected markers
[INFO] [1781179821.028720]: AR Detection received: distance=0.181 m, bearing=-0.160 rad
[INFO] [1781179821.046808]: ArUco: Detected 1 marker(s) in frame 281
[INFO] [1781179821.070370]: ArUco: Published 1 detection(s) out of 1 detected markers
[INFO] [1781179821.070557]: AR Detection received: distance=0.182 m, bearing=-0.159 rad
[INFO] [1781179821.098384]: ArUco: Detected 1 marker(s) in frame 282
[INFO] [1781179821.110614]: ArUco: Published 1 detection(s) out of 1 detected markers
[INFO] [1781179821.111001]: AR Detection received: distance=0.182 m, bearing=-0.159 rad
[INFO] [1781179821.158391]: ArUco: Detected 1 marker(s) in frame 283
[INFO] [1781179821.197009]: ArUco: Published 1 detection(s) out of 1 detected markers
[INFO] [1781179821.197586]: AR Detection received: distance=0.182 m, bearing=-0.159 rad
[INFO] [1781179821.228961]: ArUco: Detected 1 marker(s) in frame 284
[INFO] [1781179821.256572]: ArUco: Published 1 detection(s) out of 1 detected markers
[INFO] [1781179821.256873]: AR Detection received: distance=0.181 m, bearing=-0.160 rad
[INFO] [1781179821.287354]: ArUco: Detected 1 marker(s) in frame 285
[INFO] [1781179821.323808]: ArUco: Published 1 detection(s) out of 1 detected markers
[INFO] [1781179821.324290]: AR Detection received: distance=0.181 m, bearing=-0.160 rad
[INFO] [1781179821.363828]: ArUco: Detected 1 marker(s) in frame 286
[INFO] [1781179821.428463]: ArUco: Published 1 detection(s) out of 1 detected markers
[INFO] [1781179821.428872]: AR Detection received: distance=0.181 m, bearing=-0.160 rad
[INFO] [1781179821.468986]: ArUco: Detected 1 marker(s) in frame 287
[INFO] [1781179821.505741]: ArUco: Published 1 detection(s) out of 1 detected markers
[INFO] [1781179821.506484]: AR Detection received: distance=0.182 m, bearing=-0.159 rad
[INFO] [1781179821.567343]: ArUco: Detected 1 marker(s) in frame 288
[INFO] [1781179821.597842]: ArUco: Published 1 detection(s) out of 1 detected markers
[INFO] [1781179821.598262]: AR Detection received: distance=0.182 m, bearing=-0.159 rad
[INFO] [1781179821.632648]: ArUco: Detected 1 marker(s) in frame 289
[INFO] [1781179821.664985]: ArUco: Published 1 detection(s) out of 1 detected markers
[INFO] [1781179821.665523]: AR Detection received: distance=0.182 m, bearing=-0.159 rad
[INFO] [1781179821.700828]: ArUco: Detected 1 marker(s) in frame 290
[INFO] [1781179821.752540]: ArUco: Published 1 detection(s) out of 1 detected markers
[INFO] [1781179821.752756]: AR Detection received: distance=0.182 m, bearing=-0.159 rad
[INFO] [1781179821.804270]: ArUco: Detected 1 marker(s) in frame 291
[INFO] [1781179821.828260]: ArUco: Published 1 detection(s) out of 1 detected markers
[INFO] [1781179821.828673]: AR Detection received: distance=0.182 m, bearing=-0.159 rad
[INFO] [1781179821.850799]: ArUco: Detected 1 marker(s) in frame 292
[INFO] [1781179821.904294]: ArUco: Published 1 detection(s) out of 1 detected markers
[INFO] [1781179821.904582]: AR Detection received: distance=0.182 m, bearing=-0.159 rad
[INFO] [1781179821.944523]: ArUco: Detected 1 marker(s) in frame 293
[INFO] [1781179821.981340]: ArUco: Published 1 detection(s) out of 1 detected markers
[INFO] [1781179821.981736]: AR Detection received: distance=0.182 m, bearing=-0.159 rad
[INFO] [1781179822.030018]: ArUco: Detected 1 marker(s) in frame 294
[INFO] [1781179822.060048]: ArUco: Published 1 detection(s) out of 1 detected markers
[INFO] [1781179822.060495]: AR Detection received: distance=0.182 m, bearing=-0.159 rad
[INFO] [1781179822.114004]: ArUco: Detected 1 marker(s) in frame 295
[INFO] [1781179822.141405]: ArUco: Published 1 detection(s) out of 1 detected markers
[INFO] [1781179822.142020]: AR Detection received: distance=0.182 m, bearing=-0.159 rad
[INFO] [1781179822.211786]: ArUco: Detected 1 marker(s) in frame 296
[INFO] [1781179822.270807]: ArUco: Published 1 detection(s) out of 1 detected markers
[INFO] [1781179822.271184]: AR Detection received: distance=0.181 m, bearing=-0.160 rad
[INFO] [1781179822.315409]: ArUco: Detected 1 marker(s) in frame 297
[INFO] [1781179822.336407]: ArUco: Published 1 detection(s) out of 1 detected markers
[INFO] [1781179822.336665]: AR Detection received: distance=0.182 m, bearing=-0.159 rad
[INFO] [1781179822.375104]: ArUco: Detected 1 marker(s) in frame 298
[INFO] [1781179822.403354]: ArUco: Published 1 detection(s) out of 1 detected markers
[INFO] [1781179822.403670]: AR Detection received: distance=0.182 m, bearing=-0.159 rad
[INFO] [1781179822.435440]: ArUco: Detected 1 marker(s) in frame 299
[INFO] [1781179822.470370]: ArUco: Published 1 detection(s) out of 1 detected markers
[INFO] [1781179822.470736]: AR Detection received: distance=0.181 m, bearing=-0.160 rad
[INFO] [1781179822.502502]: ArUco: Detected 1 marker(s) in frame 300
[INFO] [1781179822.518461]: ArUco: Published 1 detection(s) out of 1 detected markers
[INFO] [1781179822.518687]: AR Detection received: distance=0.182 m, bearing=-0.159 rad
[INFO] [1781179822.549947]: ArUco: Detected 1 marker(s) in frame 301
[INFO] [1781179822.598590]: ArUco: Published 1 detection(s) out of 1 detected markers
[INFO] [1781179822.598784]: AR Detection received: distance=0.182 m, bearing=-0.159 rad
[INFO] [1781179822.684624]: ArUco: Detected 1 marker(s) in frame 302
[INFO] [1781179822.709474]: ArUco: Published 1 detection(s) out of 1 detected markers
[INFO] [1781179822.709663]: AR Detection received: distance=0.182 m, bearing=-0.159 rad
[INFO] [1781179822.754186]: ArUco: Detected 1 marker(s) in frame 303
[INFO] [1781179822.795430]: ArUco: Published 1 detection(s) out of 1 detected markers
[INFO] [1781179822.795729]: AR Detection received: distance=0.181 m, bearing=-0.160 rad
[INFO] [1781179822.841053]: ArUco: Detected 1 marker(s) in frame 304
[INFO] [1781179822.867104]: ArUco: Published 1 detection(s) out of 1 detected markers
[INFO] [1781179822.867294]: AR Detection received: distance=0.181 m, bearing=-0.160 rad
[INFO] [1781179822.912140]: ArUco: Detected 1 marker(s) in frame 305
[INFO] [1781179822.968734]: ArUco: Published 1 detection(s) out of 1 detected markers
[INFO] [1781179822.968961]: AR Detection received: distance=0.181 m, bearing=-0.160 rad
[INFO] [1781179823.013029]: ArUco: Detected 1 marker(s) in frame 306
[INFO] [1781179823.050882]: ArUco: Published 1 detection(s) out of 1 detected markers
[INFO] [1781179823.051150]: AR Detection received: distance=0.182 m, bearing=-0.159 rad
[INFO] [1781179823.099452]: ArUco: Detected 1 marker(s) in frame 307
[INFO] [1781179823.123465]: ArUco: Published 1 detection(s) out of 1 detected markers
[INFO] [1781179823.123852]: AR Detection received: distance=0.182 m, bearing=-0.159 rad
[INFO] [1781179823.168983]: ArUco: Detected 1 marker(s) in frame 308
[INFO] [1781179823.199434]: ArUco: Published 1 detection(s) out of 1 detected markers
[INFO] [1781179823.199931]: AR Detection received: distance=0.182 m, bearing=-0.159 rad
[INFO] [1781179823.230813]: ArUco: Detected 1 marker(s) in frame 309
[INFO] [1781179823.261746]: ArUco: Published 1 detection(s) out of 1 detected markers
[INFO] [1781179823.262187]: AR Detection received: distance=0.182 m, bearing=-0.159 rad
[INFO] [1781179823.288867]: ArUco: Detected 1 marker(s) in frame 310
[INFO] [1781179823.317632]: ArUco: Published 1 detection(s) out of 1 detected markers
[INFO] [1781179823.317929]: AR Detection received: distance=0.182 m, bearing=-0.159 rad
[INFO] [1781179823.354193]: ArUco: Detected 1 marker(s) in frame 311
[INFO] [1781179823.392186]: ArUco: Published 1 detection(s) out of 1 detected markers
[INFO] [1781179823.392800]: AR Detection received: distance=0.182 m, bearing=-0.159 rad
[INFO] [1781179823.441967]: ArUco: Detected 1 marker(s) in frame 312
[INFO] [1781179823.470635]: ArUco: Published 1 detection(s) out of 1 detected markers
[INFO] [1781179823.470912]: AR Detection received: distance=0.182 m, bearing=-0.159 rad
[INFO] [1781179823.506741]: ArUco: Detected 1 marker(s) in frame 313
[INFO] [1781179823.560116]: ArUco: Published 1 detection(s) out of 1 detected markers
[INFO] [1781179823.560392]: AR Detection received: distance=0.181 m, bearing=-0.160 rad
[INFO] [1781179823.615174]: ArUco: Detected 1 marker(s) in frame 314
[INFO] [1781179823.643375]: ArUco: Published 1 detection(s) out of 1 detected markers
[INFO] [1781179823.643562]: AR Detection received: distance=0.182 m, bearing=-0.159 rad
[INFO] [1781179823.679387]: ArUco: Detected 1 marker(s) in frame 315
[INFO] [1781179823.730894]: ArUco: Published 1 detection(s) out of 1 detected markers
[INFO] [1781179823.731274]: AR Detection received: distance=0.181 m, bearing=-0.160 rad
[INFO] [1781179823.776731]: ArUco: Detected 1 marker(s) in frame 316
[INFO] [1781179823.865050]: ArUco: Published 1 detection(s) out of 1 detected markers
[INFO] [1781179823.865369]: AR Detection received: distance=0.181 m, bearing=-0.160 rad
[INFO] [1781179823.913751]: ArUco: Detected 1 marker(s) in frame 317
[INFO] [1781179823.989184]: ArUco: Published 1 detection(s) out of 1 detected markers
[INFO] [1781179823.989439]: AR Detection received: distance=0.182 m, bearing=-0.159 rad
[INFO] [1781179824.070821]: ArUco: Detected 1 marker(s) in frame 318
[INFO] [1781179824.108136]: ArUco: Published 1 detection(s) out of 1 detected markers
[INFO] [1781179824.109068]: AR Detection received: distance=0.182 m, bearing=-0.159 rad
[INFO] [1781179824.160311]: ArUco: Detected 1 marker(s) in frame 319
[INFO] [1781179824.230924]: ArUco: Published 1 detection(s) out of 1 detected markers
[INFO] [1781179824.231673]: AR Detection received: distance=0.182 m, bearing=-0.159 rad
[INFO] [1781179824.265776]: ArUco: Detected 1 marker(s) in frame 320
[INFO] [1781179824.292425]: ArUco: Published 1 detection(s) out of 1 detected markers
[INFO] [1781179824.292506]: AR Detection received: distance=0.181 m, bearing=-0.160 rad
[INFO] [1781179824.331059]: ArUco: Detected 1 marker(s) in frame 321
[INFO] [1781179824.356272]: ArUco: Published 1 detection(s) out of 1 detected markers
[INFO] [1781179824.356346]: AR Detection received: distance=0.181 m, bearing=-0.160 rad
[INFO] [1781179824.380365]: ArUco: Detected 1 marker(s) in frame 322
[INFO] [1781179824.408834]: ArUco: Published 1 detection(s) out of 1 detected markers
[INFO] [1781179824.409226]: AR Detection received: distance=0.182 m, bearing=-0.159 rad
[INFO] [1781179824.443185]: ArUco: Detected 1 marker(s) in frame 323
[INFO] [1781179824.474618]: ArUco: Published 1 detection(s) out of 1 detected markers
[INFO] [1781179824.475158]: AR Detection received: distance=0.182 m, bearing=-0.159 rad
[INFO] [1781179825.321643]: ArUco: Detected 2 marker(s) in frame 348
[INFO] [1781179825.365175]: ArUco: Published 2 detection(s) out of 2 detected markers
[INFO] [1781179825.365595]: AR Detection received: distance=0.833 m, bearing=0.312 rad
[INFO] [1781179825.406862]: ArUco: Detected 2 marker(s) in frame 349
[INFO] [1781179825.412477]: AR Detection received: distance=0.372 m, bearing=-0.572 rad
[INFO] [1781179825.433266]: ArUco: Published 2 detection(s) out of 2 detected markers
[INFO] [1781179825.445653]: AR Detection received: distance=0.372 m, bearing=-0.569 rad
[INFO] [1781179825.459473]: ArUco: Detected 3 marker(s) in frame 350
[INFO] [1781179825.474028]: AR Detection received: distance=0.826 m, bearing=0.314 rad
[INFO] [1781179825.475960]: ArUco: Published 3 detection(s) out of 3 detected markers
[INFO] [1781179825.507211]: AR Detection received: distance=1.003 m, bearing=0.296 rad
[INFO] [1781179825.512340]: ArUco: Detected 2 marker(s) in frame 351
[INFO] [1781179825.543468]: ArUco: Published 2 detection(s) out of 2 detected markers
[INFO] [1781179825.550601]: AR Detection received: distance=0.831 m, bearing=0.314 rad
[INFO] [1781179825.572126]: ArUco: Detected 3 marker(s) in frame 352
[INFO] [1781179825.585676]: AR Detection received: distance=0.374 m, bearing=-0.564 rad
[INFO] [1781179825.604812]: ArUco: Published 3 detection(s) out of 3 detected markers
[INFO] [1781179825.614470]: AR Detection received: distance=0.831 m, bearing=0.314 rad
[INFO] [1781179825.641812]: ArUco: Detected 3 marker(s) in frame 353
[INFO] [1781179825.659788]: AR Detection received: distance=0.374 m, bearing=-0.564 rad
[INFO] [1781179825.663203]: ArUco: Published 3 detection(s) out of 3 detected markers
[INFO] [1781179825.681307]: AR Detection received: distance=0.993 m, bearing=0.297 rad
[INFO] [1781179825.691520]: ArUco: Detected 3 marker(s) in frame 354
[INFO] [1781179825.707566]: AR Detection received: distance=0.831 m, bearing=0.314 rad
[INFO] [1781179825.707698]: ArUco: Published 3 detection(s) out of 3 detected markers
[INFO] [1781179825.758620]: AR Detection received: distance=0.371 m, bearing=-0.564 rad
[INFO] [1781179825.762924]: ArUco: Detected 3 marker(s) in frame 355
[INFO] [1781179825.781187]: AR Detection received: distance=0.988 m, bearing=0.296 rad
[INFO] [1781179825.790089]: ArUco: Published 3 detection(s) out of 3 detected markers
[INFO] [1781179825.814021]: ArUco: Detected 3 marker(s) in frame 356
[INFO] [1781179825.817149]: AR Detection received: distance=0.831 m, bearing=0.314 rad
[INFO] [1781179825.843023]: ArUco: Published 3 detection(s) out of 3 detected markers
[INFO] [1781179825.848242]: AR Detection received: distance=0.371 m, bearing=-0.564 rad
[INFO] [1781179825.868931]: ArUco: Detected 3 marker(s) in frame 357
[INFO] [1781179825.879050]: AR Detection received: distance=0.988 m, bearing=0.296 rad
[INFO] [1781179825.896032]: ArUco: Published 3 detection(s) out of 3 detected markers
[INFO] [1781179825.914973]: ArUco: Detected 2 marker(s) in frame 358
[INFO] [1781179825.915959]: AR Detection received: distance=0.831 m, bearing=0.314 rad
[INFO] [1781179825.942492]: ArUco: Published 2 detection(s) out of 2 detected markers
[INFO] [1781179825.962646]: AR Detection received: distance=0.374 m, bearing=-0.564 rad
[INFO] [1781179825.971991]: ArUco: Detected 3 marker(s) in frame 359
[INFO] [1781179825.983896]: AR Detection received: distance=0.371 m, bearing=-0.564 rad
[INFO] [1781179826.005429]: ArUco: Published 3 detection(s) out of 3 detected markers
[INFO] [1781179826.033858]: AR Detection received: distance=0.988 m, bearing=0.296 rad
[INFO] [1781179826.041338]: ArUco: Detected 3 marker(s) in frame 360
[INFO] [1781179826.076009]: AR Detection received: distance=0.988 m, bearing=0.296 rad
[INFO] [1781179826.085869]: ArUco: Published 3 detection(s) out of 3 detected markers
[INFO] [1781179826.121405]: ArUco: Detected 3 marker(s) in frame 361
[INFO] [1781179826.124467]: AR Detection received: distance=0.831 m, bearing=0.314 rad
[INFO] [1781179826.154761]: ArUco: Published 3 detection(s) out of 3 detected markers
[INFO] [1781179826.159121]: AR Detection received: distance=0.371 m, bearing=-0.564 rad
[INFO] [1781179826.191715]: AR Detection received: distance=0.988 m, bearing=0.296 rad
[INFO] [1781179826.196934]: ArUco: Detected 3 marker(s) in frame 362
[INFO] [1781179826.215752]: AR Detection received: distance=0.831 m, bearing=0.314 rad
[INFO] [1781179826.220970]: ArUco: Published 3 detection(s) out of 3 detected markers
[INFO] [1781179826.241139]: AR Detection received: distance=0.371 m, bearing=-0.564 rad
[INFO] [1781179826.243096]: ArUco: Detected 3 marker(s) in frame 363
[INFO] [1781179826.266477]: ArUco: Published 3 detection(s) out of 3 detected markers
[INFO] [1781179826.276321]: AR Detection received: distance=0.831 m, bearing=0.314 rad
[INFO] [1781179826.305499]: AR Detection received: distance=0.371 m, bearing=-0.564 rad
[INFO] [1781179826.332662]: AR Detection received: distance=0.374 m, bearing=-0.564 rad
[INFO] [1781179826.365464]: AR Detection received: distance=0.988 m, bearing=0.296 rad
[INFO] [1781179826.391573]: AR Detection received: distance=0.821 m, bearing=0.315 rad
[INFO] [1781179826.423258]: AR Detection received: distance=0.374 m, bearing=-0.564 rad
[INFO] [1781179826.467457]: AR Detection received: distance=0.988 m, bearing=0.296 rad
[INFO] [1781179826.492169]: AR Detection received: distance=0.829 m, bearing=0.315 rad
[INFO] [1781179826.518765]: AR Detection received: distance=0.374 m, bearing=-0.564 rad
[INFO] [1781179826.544860]: AR Detection received: distance=0.988 m, bearing=0.296 rad
[INFO] [1781179826.599277]: AR Detection received: distance=0.821 m, bearing=0.315 rad
[INFO] [1781179826.631656]: AR Detection received: distance=0.371 m, bearing=-0.564 rad
[INFO] [1781179826.859948]: ArUco: Detected 2 marker(s) in frame 382
[INFO] [1781179826.873600]: ArUco: Published 2 detection(s) out of 2 detected markers
[INFO] [1781179826.873683]: AR Detection received: distance=0.505 m, bearing=-0.105 rad
[INFO] [1781179826.906115]: AR Detection received: distance=0.171 m, bearing=2.694 rad
[INFO] [1781179826.909565]: ArUco: Detected 3 marker(s) in frame 383
[INFO] [1781179826.937762]: ArUco: Published 3 detection(s) out of 3 detected markers
[INFO] [1781179826.953157]: AR Detection received: distance=0.171 m, bearing=2.687 rad
[INFO] [1781179827.001478]: AR Detection received: distance=0.791 m, bearing=0.297 rad
[INFO] [1781179827.005198]: ArUco: Detected 3 marker(s) in frame 384
[INFO] [1781179827.039532]: ArUco: Published 3 detection(s) out of 3 detected markers
[INFO] [1781179827.039699]: AR Detection received: distance=0.501 m, bearing=-0.109 rad
[INFO] [1781179827.099737]: ArUco: Detected 3 marker(s) in frame 385
[INFO] [1781179827.100421]: AR Detection received: distance=0.170 m, bearing=2.686 rad
[INFO] [1781179827.138384]: ArUco: Published 3 detection(s) out of 3 detected markers
[INFO] [1781179827.147133]: AR Detection received: distance=0.791 m, bearing=0.297 rad
[INFO] [1781179827.176593]: ArUco: Detected 3 marker(s) in frame 386
[INFO] [1781179827.195022]: AR Detection received: distance=0.554 m, bearing=-0.106 rad
[INFO] [1781179827.200353]: ArUco: Published 3 detection(s) out of 3 detected markers
[INFO] [1781179827.229125]: AR Detection received: distance=0.171 m, bearing=2.687 rad
[INFO] [1781179827.253343]: ArUco: Detected 3 marker(s) in frame 387
[INFO] [1781179827.282191]: AR Detection received: distance=0.796 m, bearing=0.297 rad
[INFO] [1781179827.301564]: ArUco: Published 3 detection(s) out of 3 detected markers
[INFO] [1781179827.328804]: AR Detection received: distance=0.490 m, bearing=-0.108 rad
[INFO] [1781179827.359281]: ArUco: Detected 3 marker(s) in frame 388
[INFO] [1781179827.397812]: AR Detection received: distance=0.171 m, bearing=2.687 rad
[INFO] [1781179827.408802]: ArUco: Published 3 detection(s) out of 3 detected markers
[INFO] [1781179827.439410]: AR Detection received: distance=0.793 m, bearing=0.296 rad
[INFO] [1781179827.445660]: ArUco: Detected 2 marker(s) in frame 389
[INFO] [1781179827.473259]: AR Detection received: distance=0.557 m, bearing=-0.102 rad
[INFO] [1781179827.500229]: ArUco: Published 2 detection(s) out of 2 detected markers
[INFO] [1781179827.536161]: AR Detection received: distance=0.171 m, bearing=2.687 rad
[INFO] [1781179827.572699]: AR Detection received: distance=0.793 m, bearing=0.296 rad
[INFO] [1781179827.607517]: AR Detection received: distance=0.541 m, bearing=-0.103 rad
[INFO] [1781179827.639078]: AR Detection received: distance=0.171 m, bearing=2.687 rad
[INFO] [1781179827.658690]: ArUco: Detected 2 marker(s) in frame 394
[INFO] [1781179827.670237]: AR Detection received: distance=0.793 m, bearing=0.296 rad
[INFO] [1781179827.683360]: ArUco: Published 2 detection(s) out of 2 detected markers
[INFO] [1781179827.703710]: AR Detection received: distance=0.541 m, bearing=-0.103 rad
[INFO] [1781179827.708263]: ArUco: Detected 2 marker(s) in frame 395
[INFO] [1781179827.754708]: AR Detection received: distance=0.158 m, bearing=2.681 rad
[INFO] [1781179827.767625]: ArUco: Published 2 detection(s) out of 2 detected markers
[INFO] [1781179827.798450]: ArUco: Detected 3 marker(s) in frame 396
[INFO] [1781179827.799905]: AR Detection received: distance=0.803 m, bearing=0.298 rad
[INFO] [1781179827.863390]: ArUco: Published 3 detection(s) out of 3 detected markers
[INFO] [1781179827.874648]: AR Detection received: distance=0.084 m, bearing=-2.926 rad
[INFO] [1781179827.895712]: ArUco: Detected 2 marker(s) in frame 397
[INFO] [1781179827.910609]: AR Detection received: distance=0.758 m, bearing=0.316 rad
[INFO] [1781179827.915158]: ArUco: Published 2 detection(s) out of 2 detected markers
[INFO] [1781179827.938543]: ArUco: Detected 3 marker(s) in frame 398
[INFO] [1781179827.943037]: AR Detection received: distance=0.192 m, bearing=-2.916 rad
[INFO] [1781179827.965971]: ArUco: Published 3 detection(s) out of 3 detected markers
[INFO] [1781179827.976129]: AR Detection received: distance=0.744 m, bearing=0.314 rad
[INFO] [1781179827.982333]: ArUco: Detected 2 marker(s) in frame 399
[INFO] [1781179828.003215]: ArUco: Published 2 detection(s) out of 2 detected markers
[INFO] [1781179828.008136]: AR Detection received: distance=0.599 m, bearing=-0.668 rad
[INFO] [1781179828.030627]: ArUco: No markers detected (frame 400)
[INFO] [1781179828.044572]: AR Detection received: distance=0.143 m, bearing=-2.907 rad
[INFO] [1781179828.075331]: AR Detection received: distance=0.716 m, bearing=0.312 rad
[INFO] [1781179828.115346]: AR Detection received: distance=0.675 m, bearing=0.311 rad
[INFO] [1781179828.130542]: ArUco: Detected 1 marker(s) in frame 404
[INFO] [1781179828.165686]: ArUco: Published 1 detection(s) out of 1 detected markers
[INFO] [1781179828.167551]: AR Detection received: distance=0.051 m, bearing=-2.871 rad
[INFO] [1781179828.207938]: ArUco: Detected 3 marker(s) in frame 405
[INFO] [1781179828.213326]: AR Detection received: distance=0.668 m, bearing=0.313 rad
[INFO] [1781179828.239335]: ArUco: Published 3 detection(s) out of 3 detected markers
[INFO] [1781179828.244317]: AR Detection received: distance=0.587 m, bearing=-0.456 rad
[INFO] [1781179828.278635]: ArUco: Detected 3 marker(s) in frame 406
[INFO] [1781179828.290403]: AR Detection received: distance=0.079 m, bearing=-2.784 rad
[INFO] [1781179828.330568]: ArUco: Published 3 detection(s) out of 3 detected markers
[INFO] [1781179828.338038]: AR Detection received: distance=0.658 m, bearing=0.312 rad
[INFO] [1781179828.378444]: ArUco: Detected 3 marker(s) in frame 407
[INFO] [1781179828.411235]: AR Detection received: distance=0.115 m, bearing=0.396 rad
[INFO] [1781179828.412043]: ArUco: Published 3 detection(s) out of 3 detected markers
[INFO] [1781179828.451442]: ArUco: Detected 3 marker(s) in frame 408
[INFO] [1781179828.453376]: AR Detection received: distance=0.592 m, bearing=0.298 rad
[INFO] [1781179828.472056]: ArUco: Published 3 detection(s) out of 3 detected markers
[INFO] [1781179828.480957]: AR Detection received: distance=0.598 m, bearing=0.304 rad
[INFO] [1781179828.513423]: AR Detection received: distance=0.503 m, bearing=0.209 rad
[INFO] [1781179828.538953]: AR Detection received: distance=0.619 m, bearing=-0.710 rad
[INFO] [1781179828.572736]: AR Detection received: distance=0.590 m, bearing=0.306 rad
[INFO] [1781179828.601548]: AR Detection received: distance=0.498 m, bearing=0.203 rad
[INFO] [1781179828.630259]: AR Detection received: distance=0.623 m, bearing=-0.717 rad
[33m[WARN] [1781179828.661749]: Weight collapse — reinitialising particles
[0m[INFO] [1781179828.684562]: AR Detection received: distance=0.601 m, bearing=-0.713 rad
[INFO] [1781179828.719028]: AR Detection received: distance=0.576 m, bearing=0.303 rad
[INFO] [1781179828.740829]: AR Detection received: distance=0.500 m, bearing=0.206 rad
[INFO] [1781179828.772402]: AR Detection received: distance=0.603 m, bearing=-0.713 rad
[INFO] [1781179828.805364]: AR Detection received: distance=0.570 m, bearing=0.303 rad
[INFO] [1781179828.833906]: AR Detection received: distance=0.500 m, bearing=0.206 rad
[INFO] [1781179829.092919]: ArUco: Detected 2 marker(s) in frame 427
[INFO] [1781179829.127788]: ArUco: Published 2 detection(s) out of 2 detected markers
[INFO] [1781179829.128121]: AR Detection received: distance=0.444 m, bearing=0.236 rad
[INFO] [1781179829.147437]: ArUco: Detected 2 marker(s) in frame 428
[INFO] [1781179829.148028]: AR Detection received: distance=0.363 m, bearing=-0.619 rad
[INFO] [1781179829.175212]: ArUco: Published 2 detection(s) out of 2 detected markers
[INFO] [1781179829.183425]: AR Detection received: distance=0.363 m, bearing=-0.614 rad
[INFO] [1781179829.204514]: ArUco: Detected 2 marker(s) in frame 429
[INFO] [1781179829.210338]: AR Detection received: distance=0.390 m, bearing=0.225 rad
[INFO] [1781179829.240971]: ArUco: Published 2 detection(s) out of 2 detected markers
[INFO] [1781179829.246992]: AR Detection received: distance=0.477 m, bearing=0.243 rad
[INFO] [1781179829.273195]: ArUco: Detected 2 marker(s) in frame 430
[INFO] [1781179829.286618]: AR Detection received: distance=0.364 m, bearing=-0.625 rad
[INFO] [1781179829.307920]: ArUco: Published 2 detection(s) out of 2 detected markers
[INFO] [1781179829.343123]: ArUco: Detected 2 marker(s) in frame 431
[INFO] [1781179829.345403]: AR Detection received: distance=0.500 m, bearing=0.248 rad
[INFO] [1781179829.372853]: ArUco: Published 2 detection(s) out of 2 detected markers
[INFO] [1781179829.374134]: AR Detection received: distance=0.365 m, bearing=-0.629 rad
[INFO] [1781179829.406501]: ArUco: Detected 2 marker(s) in frame 432
[INFO] [1781179829.406562]: AR Detection received: distance=0.514 m, bearing=0.252 rad
[INFO] [1781179829.440070]: AR Detection received: distance=0.364 m, bearing=-0.628 rad
[INFO] [1781179829.453606]: ArUco: Published 2 detection(s) out of 2 detected markers
[INFO] [1781179829.486592]: ArUco: Detected 2 marker(s) in frame 433
[INFO] [1781179829.491565]: AR Detection received: distance=0.367 m, bearing=-0.636 rad
[INFO] [1781179829.507179]: ArUco: Published 2 detection(s) out of 2 detected markers
[INFO] [1781179829.522983]: AR Detection received: distance=0.525 m, bearing=0.251 rad
[INFO] [1781179829.549698]: AR Detection received: distance=0.514 m, bearing=0.252 rad
[INFO] [1781179829.572651]: AR Detection received: distance=0.362 m, bearing=-0.629 rad
[INFO] [1781179829.934103]: ArUco: Detected 3 marker(s) in frame 445
[INFO] [1781179830.079918]: ArUco: Published 3 detection(s) out of 3 detected markers
[INFO] [1781179830.080250]: AR Detection received: distance=0.513 m, bearing=-0.491 rad
[INFO] [1781179830.179873]: AR Detection received: distance=0.403 m, bearing=-0.204 rad
[INFO] [1781179830.181018]: ArUco: Detected 3 marker(s) in frame 446
[INFO] [1781179830.240077]: ArUco: Published 3 detection(s) out of 3 detected markers
[INFO] [1781179830.260559]: AR Detection received: distance=0.527 m, bearing=0.253 rad
[INFO] [1781179830.294469]: ArUco: Detected 3 marker(s) in frame 447
[INFO] [1781179830.310536]: AR Detection received: distance=0.530 m, bearing=-0.501 rad
[INFO] [1781179830.331392]: ArUco: Published 3 detection(s) out of 3 detected markers
[INFO] [1781179830.345502]: AR Detection received: distance=0.595 m, bearing=0.271 rad
[INFO] [1781179830.399477]: ArUco: Detected 3 marker(s) in frame 448
[INFO] [1781179830.532659]: AR Detection received: distance=0.378 m, bearing=-0.234 rad
[INFO] [1781179830.597403]: ArUco: Published 3 detection(s) out of 3 detected markers
[INFO] [1781179830.643698]: AR Detection received: distance=0.528 m, bearing=-0.502 rad
[INFO] [1781179830.647196]: ArUco: Detected 1 marker(s) in frame 449
[INFO] [1781179830.671235]: ArUco: Published 1 detection(s) out of 1 detected markers
[INFO] [1781179830.676897]: AR Detection received: distance=0.592 m, bearing=0.271 rad
[INFO] [1781179830.702954]: ArUco: Detected 2 marker(s) in frame 450
[INFO] [1781179830.707312]: AR Detection received: distance=0.379 m, bearing=-0.234 rad
[INFO] [1781179830.728472]: ArUco: Published 2 detection(s) out of 2 detected markers
[INFO] [1781179830.734434]: AR Detection received: distance=0.528 m, bearing=-0.502 rad
[INFO] [1781179830.766701]: ArUco: Detected 2 marker(s) in frame 451
[INFO] [1781179830.771723]: AR Detection received: distance=0.592 m, bearing=0.271 rad
[INFO] [1781179830.790729]: ArUco: Published 2 detection(s) out of 2 detected markers
[INFO] [1781179830.807094]: AR Detection received: distance=0.375 m, bearing=-0.232 rad
[INFO] [1781179830.823723]: ArUco: Detected 2 marker(s) in frame 452
[INFO] [1781179830.833937]: ArUco: Published 2 detection(s) out of 2 detected markers
[INFO] [1781179830.836863]: AR Detection received: distance=0.517 m, bearing=-0.503 rad
[INFO] [1781179830.866880]: ArUco: Detected 2 marker(s) in frame 453
[INFO] [1781179830.873469]: AR Detection received: distance=0.502 m, bearing=-0.498 rad
[INFO] [1781179830.886594]: ArUco: Published 2 detection(s) out of 2 detected markers
[INFO] [1781179830.907297]: AR Detection received: distance=0.393 m, bearing=-0.198 rad
[INFO] [1781179830.913306]: ArUco: Detected 3 marker(s) in frame 454
[INFO] [1781179830.940549]: ArUco: Published 3 detection(s) out of 3 detected markers
[INFO] [1781179830.948836]: AR Detection received: distance=0.476 m, bearing=-0.498 rad
[INFO] [1781179830.972190]: ArUco: Detected 2 marker(s) in frame 455
[INFO] [1781179830.980544]: AR Detection received: distance=0.391 m, bearing=-0.167 rad
[INFO] [1781179830.996668]: ArUco: Published 2 detection(s) out of 2 detected markers
[INFO] [1781179831.014608]: AR Detection received: distance=0.375 m, bearing=-0.161 rad
[INFO] [1781179831.037381]: ArUco: Detected 2 marker(s) in frame 456
[INFO] [1781179831.042293]: AR Detection received: distance=0.465 m, bearing=-0.508 rad
[INFO] [1781179831.063689]: ArUco: Published 2 detection(s) out of 2 detected markers
[INFO] [1781179831.075614]: AR Detection received: distance=0.361 m, bearing=-0.159 rad
[INFO] [1781179831.089195]: ArUco: Detected 1 marker(s) in frame 457
[INFO] [1781179831.104260]: ArUco: Published 1 detection(s) out of 1 detected markers
[INFO] [1781179831.104751]: AR Detection received: distance=0.455 m, bearing=-0.516 rad
[INFO] [1781179831.133981]: ArUco: Detected 2 marker(s) in frame 458
[INFO] [1781179831.137701]: AR Detection received: distance=0.349 m, bearing=-0.161 rad
[INFO] [1781179831.154568]: ArUco: Published 2 detection(s) out of 2 detected markers
[INFO] [1781179831.175930]: AR Detection received: distance=0.093 m, bearing=0.547 rad
[INFO] [1781179831.178874]: ArUco: Detected 2 marker(s) in frame 459
[INFO] [1781179831.196556]: ArUco: Published 2 detection(s) out of 2 detected markers
[INFO] [1781179831.204347]: AR Detection received: distance=0.448 m, bearing=-0.525 rad
[INFO] [1781179831.228571]: ArUco: Detected 2 marker(s) in frame 460
[INFO] [1781179831.240626]: AR Detection received: distance=0.329 m, bearing=-0.175 rad
[INFO] [1781179831.253810]: ArUco: Published 2 detection(s) out of 2 detected markers
[INFO] [1781179831.278371]: ArUco: Detected 2 marker(s) in frame 461
[INFO] [1781179831.281008]: AR Detection received: distance=0.434 m, bearing=-0.549 rad
[INFO] [1781179831.310616]: AR Detection received: distance=0.416 m, bearing=-0.570 rad
[INFO] [1781179831.313657]: ArUco: Published 2 detection(s) out of 2 detected markers
[INFO] [1781179831.341842]: AR Detection received: distance=0.301 m, bearing=-0.183 rad
[INFO] [1781179831.342803]: ArUco: Detected 2 marker(s) in frame 462
[INFO] [1781179831.373029]: ArUco: Published 2 detection(s) out of 2 detected markers
[INFO] [1781179831.397583]: AR Detection received: distance=0.410 m, bearing=-0.582 rad
[INFO] [1781179831.406446]: ArUco: Detected 2 marker(s) in frame 463
[INFO] [1781179831.430217]: AR Detection received: distance=0.405 m, bearing=-0.592 rad
[INFO] [1781179831.435959]: ArUco: Published 2 detection(s) out of 2 detected markers
[INFO] [1781179831.453911]: AR Detection received: distance=0.280 m, bearing=-0.203 rad
[INFO] [1781179831.468341]: ArUco: Detected 2 marker(s) in frame 464
[INFO] [1781179831.490273]: AR Detection received: distance=0.392 m, bearing=-0.596 rad
[INFO] [1781179831.502835]: ArUco: Published 2 detection(s) out of 2 detected markers
[INFO] [1781179831.511437]: AR Detection received: distance=0.273 m, bearing=-0.202 rad
[INFO] [1781179831.600771]: ArUco: Detected 2 marker(s) in frame 465
[INFO] [1781179831.603870]: AR Detection received: distance=0.392 m, bearing=-0.596 rad
[INFO] [1781179831.632733]: ArUco: Published 2 detection(s) out of 2 detected markers
[INFO] [1781179831.636757]: AR Detection received: distance=0.270 m, bearing=-0.200 rad
[INFO] [1781179831.662411]: ArUco: Detected 2 marker(s) in frame 466
[INFO] [1781179831.668961]: AR Detection received: distance=0.390 m, bearing=-0.595 rad
[INFO] [1781179831.696643]: ArUco: Published 2 detection(s) out of 2 detected markers
[INFO] [1781179831.713598]: AR Detection received: distance=0.274 m, bearing=-0.193 rad
[INFO] [1781179831.719888]: ArUco: Detected 2 marker(s) in frame 467
[INFO] [1781179831.756063]: ArUco: Published 2 detection(s) out of 2 detected markers
[INFO] [1781179831.764198]: AR Detection received: distance=0.390 m, bearing=-0.595 rad
[INFO] [1781179831.784091]: ArUco: Detected 2 marker(s) in frame 468
[INFO] [1781179831.805840]: ArUco: Published 2 detection(s) out of 2 detected markers
[INFO] [1781179831.808407]: AR Detection received: distance=0.268 m, bearing=-0.197 rad
[INFO] [1781179831.826883]: ArUco: Detected 2 marker(s) in frame 469
[INFO] [1781179831.847342]: AR Detection received: distance=0.390 m, bearing=-0.595 rad
[INFO] [1781179831.857512]: ArUco: Published 2 detection(s) out of 2 detected markers
[INFO] [1781179831.877252]: AR Detection received: distance=0.268 m, bearing=-0.197 rad
[INFO] [1781179831.881298]: ArUco: Detected 2 marker(s) in frame 470
[INFO] [1781179831.908293]: ArUco: Published 2 detection(s) out of 2 detected markers
[INFO] [1781179831.912991]: AR Detection received: distance=0.390 m, bearing=-0.595 rad
[INFO] [1781179831.939925]: AR Detection received: distance=0.275 m, bearing=-0.195 rad
[INFO] [1781179831.974187]: AR Detection received: distance=0.390 m, bearing=-0.595 rad
[INFO] [1781179832.006142]: AR Detection received: distance=0.275 m, bearing=-0.195 rad
[INFO] [1781179832.040207]: AR Detection received: distance=0.390 m, bearing=-0.595 rad
[INFO] [1781179832.069684]: AR Detection received: distance=0.275 m, bearing=-0.195 rad
[INFO] [1781179832.110480]: AR Detection received: distance=0.390 m, bearing=-0.595 rad
[INFO] [1781179832.133752]: ArUco: Detected 2 marker(s) in frame 477
[INFO] [1781179832.142387]: AR Detection received: distance=0.275 m, bearing=-0.195 rad
[INFO] [1781179832.163589]: ArUco: Published 2 detection(s) out of 2 detected markers
[INFO] [1781179832.178339]: AR Detection received: distance=0.390 m, bearing=-0.595 rad
[INFO] [1781179832.203719]: ArUco: Detected 2 marker(s) in frame 478
[INFO] [1781179832.216237]: AR Detection received: distance=0.275 m, bearing=-0.195 rad
[INFO] [1781179832.231133]: ArUco: Published 2 detection(s) out of 2 detected markers
[INFO] [1781179832.245120]: AR Detection received: distance=0.390 m, bearing=-0.595 rad
[INFO] [1781179832.261194]: ArUco: Detected 2 marker(s) in frame 479
[INFO] [1781179832.274714]: AR Detection received: distance=0.275 m, bearing=-0.195 rad
[INFO] [1781179832.297732]: ArUco: Published 2 detection(s) out of 2 detected markers
[INFO] [1781179832.321861]: AR Detection received: distance=0.303 m, bearing=-0.031 rad
[INFO] [1781179832.328506]: ArUco: Detected 2 marker(s) in frame 480
[INFO] [1781179832.348674]: AR Detection received: distance=0.551 m, bearing=0.304 rad
[INFO] [1781179832.359332]: ArUco: Published 2 detection(s) out of 2 detected markers
[INFO] [1781179832.378380]: ArUco: Detected 2 marker(s) in frame 481
[INFO] [1781179832.381298]: AR Detection received: distance=0.300 m, bearing=-0.026 rad
[INFO] [1781179832.400450]: ArUco: Published 2 detection(s) out of 2 detected markers
[INFO] [1781179832.410486]: AR Detection received: distance=0.555 m, bearing=0.306 rad
[INFO] [1781179832.427310]: ArUco: Detected 2 marker(s) in frame 482
[INFO] [1781179832.445097]: AR Detection received: distance=0.292 m, bearing=-0.045 rad
[INFO] [1781179832.454855]: ArUco: Published 2 detection(s) out of 2 detected markers
[INFO] [1781179832.473427]: AR Detection received: distance=0.544 m, bearing=0.303 rad
[INFO] [1781179832.475069]: ArUco: Detected 2 marker(s) in frame 483
[INFO] [1781179832.505868]: ArUco: Published 2 detection(s) out of 2 detected markers
[INFO] [1781179832.515356]: AR Detection received: distance=0.294 m, bearing=-0.037 rad
[INFO] [1781179832.544564]: ArUco: Detected 2 marker(s) in frame 484
[INFO] [1781179832.546530]: AR Detection received: distance=0.545 m, bearing=0.303 rad
[INFO] [1781179832.572805]: ArUco: Published 2 detection(s) out of 2 detected markers
[INFO] [1781179832.600902]: AR Detection received: distance=0.294 m, bearing=-0.037 rad
[INFO] [1781179832.606957]: ArUco: Detected 2 marker(s) in frame 485
[INFO] [1781179832.631392]: AR Detection received: distance=0.542 m, bearing=0.303 rad
[INFO] [1781179832.632122]: ArUco: Published 2 detection(s) out of 2 detected markers
[INFO] [1781179832.664027]: ArUco: Detected 2 marker(s) in frame 486
[INFO] [1781179832.666067]: AR Detection received: distance=0.294 m, bearing=-0.037 rad
[INFO] [1781179832.689316]: ArUco: Published 2 detection(s) out of 2 detected markers
[INFO] [1781179832.700339]: AR Detection received: distance=0.543 m, bearing=0.303 rad
[INFO] [1781179832.727484]: ArUco: Detected 2 marker(s) in frame 487
[INFO] [1781179832.739811]: AR Detection received: distance=0.294 m, bearing=-0.037 rad
[INFO] [1781179832.743093]: ArUco: Published 2 detection(s) out of 2 detected markers
[INFO] [1781179832.816079]: ArUco: Detected 2 marker(s) in frame 488
[INFO] [1781179832.817494]: AR Detection received: distance=0.545 m, bearing=0.303 rad
[INFO] [1781179832.859756]: AR Detection received: distance=0.294 m, bearing=-0.037 rad
[INFO] [1781179832.892957]: ArUco: Published 2 detection(s) out of 2 detected markers
[INFO] [1781179832.912273]: AR Detection received: distance=0.542 m, bearing=0.303 rad
[INFO] [1781179832.923217]: ArUco: Detected 2 marker(s) in frame 489
[INFO] [1781179832.937613]: ArUco: Published 2 detection(s) out of 2 detected markers
[INFO] [1781179832.943994]: AR Detection received: distance=0.294 m, bearing=-0.037 rad
[INFO] [1781179832.985274]: ArUco: Detected 2 marker(s) in frame 490
[INFO] [1781179832.999550]: AR Detection received: distance=0.545 m, bearing=0.303 rad
[INFO] [1781179833.002539]: ArUco: Published 2 detection(s) out of 2 detected markers
[INFO] [1781179833.032965]: AR Detection received: distance=0.294 m, bearing=-0.037 rad
[INFO] [1781179833.034529]: ArUco: Detected 2 marker(s) in frame 491
[INFO] [1781179833.065217]: ArUco: Published 2 detection(s) out of 2 detected markers
[INFO] [1781179833.070920]: AR Detection received: distance=0.545 m, bearing=0.303 rad
[INFO] [1781179833.100068]: ArUco: Detected 1 marker(s) in frame 492
[INFO] [1781179833.105833]: AR Detection received: distance=0.294 m, bearing=-0.037 rad
[INFO] [1781179833.138365]: ArUco: Published 1 detection(s) out of 1 detected markers
[INFO] [1781179833.143559]: AR Detection received: distance=0.542 m, bearing=0.303 rad
[INFO] [1781179833.173236]: ArUco: Detected 2 marker(s) in frame 493
[INFO] [1781179833.197011]: AR Detection received: distance=0.294 m, bearing=-0.037 rad
[INFO] [1781179833.198801]: ArUco: Published 2 detection(s) out of 2 detected markers
[INFO] [1781179833.233935]: AR Detection received: distance=0.542 m, bearing=0.303 rad
[INFO] [1781179833.235360]: ArUco: Detected 2 marker(s) in frame 494
[INFO] [1781179833.266140]: ArUco: Published 2 detection(s) out of 2 detected markers
[INFO] [1781179833.272132]: AR Detection received: distance=0.294 m, bearing=-0.037 rad
[INFO] [1781179833.295254]: ArUco: Detected 2 marker(s) in frame 495
[INFO] [1781179833.309126]: AR Detection received: distance=0.542 m, bearing=0.303 rad
[INFO] [1781179833.330941]: ArUco: Published 2 detection(s) out of 2 detected markers
[INFO] [1781179833.351236]: AR Detection received: distance=0.294 m, bearing=-0.037 rad
[INFO] [1781179833.355717]: ArUco: Detected 1 marker(s) in frame 496
[INFO] [1781179833.370897]: ArUco: Published 1 detection(s) out of 1 detected markers
[INFO] [1781179833.382813]: AR Detection received: distance=0.545 m, bearing=0.303 rad
[INFO] [1781179833.411377]: AR Detection received: distance=0.294 m, bearing=-0.037 rad
[INFO] [1781179833.442150]: AR Detection received: distance=0.542 m, bearing=0.303 rad
[INFO] [1781179833.456300]: ArUco: No markers detected (frame 500)
[INFO] [1781179833.473638]: AR Detection received: distance=0.300 m, bearing=-0.046 rad
[INFO] [1781179833.499263]: AR Detection received: distance=0.278 m, bearing=-0.061 rad
[INFO] [1781179833.525668]: AR Detection received: distance=0.534 m, bearing=0.302 rad
[INFO] [1781179833.558172]: ArUco: Detected 2 marker(s) in frame 503
[INFO] [1781179833.560872]: AR Detection received: distance=0.263 m, bearing=-0.050 rad
[INFO] [1781179833.588543]: ArUco: Published 2 detection(s) out of 2 detected markers
[INFO] [1781179833.591288]: AR Detection received: distance=0.529 m, bearing=0.308 rad
[INFO] [1781179833.609123]: ArUco: Detected 2 marker(s) in frame 504
[INFO] [1781179833.614637]: AR Detection received: distance=0.260 m, bearing=-0.048 rad
[INFO] [1781179833.652181]: ArUco: Published 2 detection(s) out of 2 detected markers
[INFO] [1781179833.656573]: AR Detection received: distance=0.523 m, bearing=0.310 rad
[INFO] [1781179833.677418]: ArUco: Detected 2 marker(s) in frame 505
[INFO] [1781179833.705991]: AR Detection received: distance=0.260 m, bearing=-0.035 rad
[INFO] [1781179833.728534]: ArUco: Published 2 detection(s) out of 2 detected markers
[INFO] [1781179833.739101]: AR Detection received: distance=0.501 m, bearing=0.870 rad
[INFO] [1781179833.744253]: ArUco: Detected 2 marker(s) in frame 506
[INFO] [1781179833.793827]: ArUco: Published 2 detection(s) out of 2 detected markers
[INFO] [1781179833.798004]: AR Detection received: distance=0.410 m, bearing=0.314 rad
[INFO] [1781179833.836373]: AR Detection received: distance=0.408 m, bearing=0.314 rad
[INFO] [1781179833.836949]: ArUco: Detected 2 marker(s) in frame 507
[INFO] [1781179833.879559]: AR Detection received: distance=0.496 m, bearing=0.871 rad
[INFO] [1781179833.883170]: ArUco: Published 2 detection(s) out of 2 detected markers
[INFO] [1781179833.918155]: ArUco: Detected 2 marker(s) in frame 508
[INFO] [1781179833.919247]: AR Detection received: distance=0.404 m, bearing=0.313 rad
[INFO] [1781179833.953868]: ArUco: Published 2 detection(s) out of 2 detected markers
[INFO] [1781179833.958556]: AR Detection received: distance=0.491 m, bearing=0.869 rad
[INFO] [1781179833.996358]: ArUco: Detected 2 marker(s) in frame 509
[INFO] [1781179834.000963]: AR Detection received: distance=0.408 m, bearing=0.314 rad
[INFO] [1781179834.021476]: ArUco: Published 2 detection(s) out of 2 detected markers
[INFO] [1781179834.038658]: AR Detection received: distance=0.499 m, bearing=0.870 rad
[INFO] [1781179834.049317]: ArUco: Detected 2 marker(s) in frame 510
[INFO] [1781179834.067841]: ArUco: Published 2 detection(s) out of 2 detected markers
[INFO] [1781179834.073537]: AR Detection received: distance=0.407 m, bearing=0.314 rad
[INFO] [1781179834.175100]: ArUco: Detected 2 marker(s) in frame 511
[INFO] [1781179834.175144]: AR Detection received: distance=0.499 m, bearing=0.870 rad
[INFO] [1781179834.204961]: ArUco: Published 2 detection(s) out of 2 detected markers
[INFO] [1781179834.210496]: AR Detection received: distance=0.407 m, bearing=0.314 rad
[INFO] [1781179834.272758]: ArUco: Detected 2 marker(s) in frame 512
[INFO] [1781179834.273082]: AR Detection received: distance=0.496 m, bearing=0.870 rad
[INFO] [1781179834.311314]: ArUco: Published 2 detection(s) out of 2 detected markers
[INFO] [1781179834.313777]: AR Detection received: distance=0.407 m, bearing=0.314 rad
[INFO] [1781179834.374890]: ArUco: Detected 2 marker(s) in frame 513
[INFO] [1781179834.381184]: AR Detection received: distance=0.496 m, bearing=0.870 rad
[INFO] [1781179834.431467]: ArUco: Published 2 detection(s) out of 2 detected markers
[INFO] [1781179834.435015]: AR Detection received: distance=0.493 m, bearing=0.870 rad
[INFO] [1781179834.472612]: ArUco: Detected 2 marker(s) in frame 514
[INFO] [1781179834.481971]: AR Detection received: distance=0.407 m, bearing=0.314 rad
[INFO] [1781179834.528775]: ArUco: Published 2 detection(s) out of 2 detected markers
[INFO] [1781179834.533345]: AR Detection received: distance=0.407 m, bearing=0.314 rad
[INFO] [1781179834.573143]: ArUco: Detected 1 marker(s) in frame 515
[INFO] [1781179834.575407]: AR Detection received: distance=0.496 m, bearing=0.870 rad
[INFO] [1781179834.634145]: ArUco: Published 1 detection(s) out of 1 detected markers
[INFO] [1781179834.638522]: AR Detection received: distance=0.407 m, bearing=0.314 rad
[INFO] [1781179834.792736]: AR Detection received: distance=0.499 m, bearing=0.870 rad
[INFO] [1781179834.792848]: ArUco: Detected 1 marker(s) in frame 516
[INFO] [1781179835.008708]: ArUco: Published 1 detection(s) out of 1 detected markers
[INFO] [1781179835.015685]: AR Detection received: distance=0.407 m, bearing=0.314 rad
[INFO] [1781179835.078276]: AR Detection received: distance=0.499 m, bearing=0.870 rad
[INFO] [1781179835.124013]: AR Detection received: distance=0.407 m, bearing=0.314 rad
[INFO] [1781179835.152770]: AR Detection received: distance=0.499 m, bearing=0.870 rad
[INFO] [1781179835.191628]: AR Detection received: distance=0.404 m, bearing=0.314 rad
[INFO] [1781179835.227433]: AR Detection received: distance=0.372 m, bearing=0.315 rad
[INFO] [1781179837.498160]: ArUco: Detected 2 marker(s) in frame 590
[INFO] [1781179837.519402]: ArUco: Published 2 detection(s) out of 2 detected markers
[INFO] [1781179837.519488]: AR Detection received: distance=0.404 m, bearing=0.313 rad
[INFO] [1781179837.554579]: AR Detection received: distance=0.146 m, bearing=-0.233 rad
[INFO] [1781179837.572125]: ArUco: Detected 2 marker(s) in frame 591
[INFO] [1781179837.605123]: ArUco: Published 2 detection(s) out of 2 detected markers
[INFO] [1781179837.605156]: AR Detection received: distance=0.402 m, bearing=0.312 rad
[INFO] [1781179837.645039]: ArUco: Detected 2 marker(s) in frame 592
[INFO] [1781179837.648691]: AR Detection received: distance=0.149 m, bearing=-0.230 rad
[INFO] [1781179837.690026]: ArUco: Published 2 detection(s) out of 2 detected markers
[INFO] [1781179837.694724]: AR Detection received: distance=0.404 m, bearing=0.313 rad
[INFO] [1781179837.712710]: ArUco: Detected 2 marker(s) in frame 593
[INFO] [1781179837.739540]: AR Detection received: distance=0.154 m, bearing=-0.214 rad
[INFO] [1781179837.765719]: ArUco: Published 2 detection(s) out of 2 detected markers
[INFO] [1781179837.784867]: AR Detection received: distance=0.404 m, bearing=0.313 rad
[INFO] [1781179837.800459]: ArUco: Detected 2 marker(s) in frame 594
[INFO] [1781179837.810487]: AR Detection received: distance=0.154 m, bearing=-0.214 rad
[INFO] [1781179837.831855]: ArUco: Published 2 detection(s) out of 2 detected markers
[INFO] [1781179837.846520]: AR Detection received: distance=0.404 m, bearing=0.313 rad
[INFO] [1781179837.870357]: ArUco: Detected 2 marker(s) in frame 595
[INFO] [1781179837.880979]: AR Detection received: distance=0.154 m, bearing=-0.214 rad
[INFO] [1781179837.901853]: ArUco: Published 2 detection(s) out of 2 detected markers
[INFO] [1781179837.911706]: AR Detection received: distance=0.404 m, bearing=0.313 rad
[INFO] [1781179837.941357]: ArUco: Detected 2 marker(s) in frame 596
[INFO] [1781179837.952151]: AR Detection received: distance=0.154 m, bearing=-0.214 rad
[INFO] [1781179837.972603]: ArUco: Published 2 detection(s) out of 2 detected markers
[INFO] [1781179837.984527]: AR Detection received: distance=0.404 m, bearing=0.313 rad
[INFO] [1781179838.084898]: ArUco: Detected 2 marker(s) in frame 597
[INFO] [1781179838.091357]: AR Detection received: distance=0.154 m, bearing=-0.214 rad
[INFO] [1781179838.140868]: ArUco: Published 2 detection(s) out of 2 detected markers
[INFO] [1781179838.159993]: AR Detection received: distance=0.404 m, bearing=0.313 rad
[INFO] [1781179838.206506]: ArUco: Detected 2 marker(s) in frame 598
[INFO] [1781179838.209141]: AR Detection received: distance=0.154 m, bearing=-0.214 rad
[INFO] [1781179838.261538]: ArUco: Published 2 detection(s) out of 2 detected markers
[INFO] [1781179838.269688]: AR Detection received: distance=0.404 m, bearing=0.313 rad
[INFO] [1781179838.301421]: ArUco: Detected 2 marker(s) in frame 599
[INFO] [1781179838.308496]: AR Detection received: distance=0.154 m, bearing=-0.214 rad
[INFO] [1781179838.329824]: ArUco: Published 2 detection(s) out of 2 detected markers
[INFO] [1781179838.340832]: AR Detection received: distance=0.404 m, bearing=0.313 rad
[INFO] [1781179838.360662]: ArUco: Detected 2 marker(s) in frame 600
[INFO] [1781179838.376176]: AR Detection received: distance=0.154 m, bearing=-0.214 rad
[INFO] [1781179838.391388]: ArUco: Published 2 detection(s) out of 2 detected markers
[INFO] [1781179838.412738]: AR Detection received: distance=0.404 m, bearing=0.313 rad
[INFO] [1781179838.421663]: ArUco: Detected 2 marker(s) in frame 601
[INFO] [1781179838.457094]: ArUco: Published 2 detection(s) out of 2 detected markers
[INFO] [1781179838.461135]: AR Detection received: distance=0.154 m, bearing=-0.214 rad
[INFO] [1781179838.496963]: ArUco: Detected 2 marker(s) in frame 602
[INFO] [1781179838.502487]: AR Detection received: distance=0.404 m, bearing=0.313 rad
[INFO] [1781179838.520334]: ArUco: Published 2 detection(s) out of 2 detected markers
[INFO] [1781179838.535696]: AR Detection received: distance=0.154 m, bearing=-0.214 rad
[INFO] [1781179838.545744]: ArUco: Detected 2 marker(s) in frame 603
[INFO] [1781179838.569956]: ArUco: Published 2 detection(s) out of 2 detected markers
[INFO] [1781179838.573215]: AR Detection received: distance=0.404 m, bearing=0.313 rad
[INFO] [1781179838.611123]: ArUco: Detected 2 marker(s) in frame 604
[INFO] [1781179838.626728]: AR Detection received: distance=0.154 m, bearing=-0.214 rad
[INFO] [1781179838.636891]: ArUco: Published 2 detection(s) out of 2 detected markers
[INFO] [1781179838.668720]: AR Detection received: distance=0.404 m, bearing=0.313 rad
[INFO] [1781179838.675874]: ArUco: Detected 2 marker(s) in frame 605
[INFO] [1781179838.711136]: AR Detection received: distance=0.154 m, bearing=-0.214 rad
[INFO] [1781179838.723401]: ArUco: Published 2 detection(s) out of 2 detected markers
[INFO] [1781179838.744363]: ArUco: Detected 2 marker(s) in frame 606
[INFO] [1781179838.746224]: AR Detection received: distance=0.404 m, bearing=0.313 rad
[INFO] [1781179838.860761]: ArUco: Published 2 detection(s) out of 2 detected markers
[INFO] [1781179838.869257]: AR Detection received: distance=0.154 m, bearing=-0.214 rad
[INFO] [1781179838.914711]: ArUco: Detected 2 marker(s) in frame 607
[INFO] [1781179838.939722]: AR Detection received: distance=0.399 m, bearing=0.313 rad
[INFO] [1781179838.952439]: ArUco: Published 2 detection(s) out of 2 detected markers
[INFO] [1781179838.977696]: AR Detection received: distance=0.154 m, bearing=-0.214 rad
[INFO] [1781179838.987226]: ArUco: Detected 2 marker(s) in frame 608
[INFO] [1781179839.031963]: ArUco: Published 2 detection(s) out of 2 detected markers
[INFO] [1781179839.039747]: AR Detection received: distance=0.399 m, bearing=0.313 rad
[INFO] [1781179839.065635]: ArUco: Detected 2 marker(s) in frame 609
[INFO] [1781179839.076755]: AR Detection received: distance=0.154 m, bearing=-0.214 rad
[INFO] [1781179839.085848]: ArUco: Published 2 detection(s) out of 2 detected markers
[INFO] [1781179839.104089]: ArUco: Detected 1 marker(s) in frame 610
[INFO] [1781179839.104635]: AR Detection received: distance=0.399 m, bearing=0.313 rad
[INFO] [1781179839.127164]: ArUco: Published 1 detection(s) out of 1 detected markers
[INFO] [1781179839.133117]: AR Detection received: distance=0.154 m, bearing=-0.214 rad
[INFO] [1781179839.163756]: ArUco: Detected 1 marker(s) in frame 611
[INFO] [1781179839.169919]: AR Detection received: distance=0.404 m, bearing=0.313 rad
[INFO] [1781179839.185455]: ArUco: Published 1 detection(s) out of 1 detected markers
[INFO] [1781179839.200494]: AR Detection received: distance=0.154 m, bearing=-0.214 rad
[INFO] [1781179839.207261]: ArUco: Detected 1 marker(s) in frame 612
[INFO] [1781179839.233515]: ArUco: Published 1 detection(s) out of 1 detected markers
[INFO] [1781179839.234557]: AR Detection received: distance=0.400 m, bearing=0.313 rad
[INFO] [1781179839.266052]: ArUco: Detected 1 marker(s) in frame 613
[INFO] [1781179839.269223]: AR Detection received: distance=0.139 m, bearing=-0.247 rad
[INFO] [1781179839.317740]: ArUco: Published 1 detection(s) out of 1 detected markers
[INFO] [1781179839.319641]: AR Detection received: distance=0.138 m, bearing=-0.247 rad
[INFO] [1781179839.343460]: AR Detection received: distance=0.120 m, bearing=-0.271 rad
[INFO] [1781179839.372749]: AR Detection received: distance=0.110 m, bearing=-0.284 rad
[INFO] [1781179839.431678]: AR Detection received: distance=0.083 m, bearing=-0.347 rad
[INFO] [1781179842.198070]: ArUco: No markers detected (frame 700)
[INFO] [1781179843.534772]: ArUco: Detected 2 marker(s) in frame 740
[INFO] [1781179843.591981]: ArUco: Published 2 detection(s) out of 2 detected markers
[INFO] [1781179843.592196]: AR Detection received: distance=0.853 m, bearing=-0.811 rad
[INFO] [1781179843.633395]: ArUco: Detected 2 marker(s) in frame 741
[INFO] [1781179843.636159]: AR Detection received: distance=0.363 m, bearing=0.190 rad
[INFO] [1781179843.681092]: ArUco: Published 2 detection(s) out of 2 detected markers
[INFO] [1781179843.690497]: AR Detection received: distance=0.362 m, bearing=0.187 rad
[INFO] [1781179843.737151]: AR Detection received: distance=0.831 m, bearing=-0.814 rad
[INFO] [1781179843.737835]: ArUco: Detected 2 marker(s) in frame 742
[INFO] [1781179843.767834]: ArUco: Published 2 detection(s) out of 2 detected markers
[INFO] [1781179843.774531]: AR Detection received: distance=0.361 m, bearing=0.187 rad
[INFO] [1781179843.797989]: ArUco: Detected 2 marker(s) in frame 743
[INFO] [1781179843.828244]: AR Detection received: distance=0.831 m, bearing=-0.814 rad
[INFO] [1781179843.833224]: ArUco: Published 2 detection(s) out of 2 detected markers
[INFO] [1781179843.875904]: AR Detection received: distance=0.362 m, bearing=0.187 rad
[INFO] [1781179843.878026]: ArUco: Detected 2 marker(s) in frame 744
[INFO] [1781179843.935122]: ArUco: Published 2 detection(s) out of 2 detected markers
[INFO] [1781179843.939091]: AR Detection received: distance=0.831 m, bearing=-0.814 rad
[INFO] [1781179843.995246]: AR Detection received: distance=0.362 m, bearing=0.187 rad
[INFO] [1781179844.024270]: AR Detection received: distance=0.836 m, bearing=-0.815 rad
[INFO] [1781179844.555889]: ArUco: Detected 2 marker(s) in frame 763
[INFO] [1781179844.658828]: ArUco: Published 2 detection(s) out of 2 detected markers
[INFO] [1781179844.659295]: AR Detection received: distance=0.077 m, bearing=2.539 rad
[INFO] [1781179844.731040]: AR Detection received: distance=0.464 m, bearing=-0.094 rad
[INFO] [1781179844.731936]: ArUco: Detected 3 marker(s) in frame 764
[INFO] [1781179844.769180]: ArUco: Published 3 detection(s) out of 3 detected markers
[INFO] [1781179844.779074]: AR Detection received: distance=0.788 m, bearing=0.273 rad
[INFO] [1781179844.836082]: ArUco: Detected 3 marker(s) in frame 765
[INFO] [1781179844.836541]: AR Detection received: distance=0.466 m, bearing=-0.096 rad
[INFO] [1781179844.897149]: ArUco: Published 3 detection(s) out of 3 detected markers
[INFO] [1781179844.904666]: AR Detection received: distance=0.076 m, bearing=2.536 rad
[INFO] [1781179844.956037]: AR Detection received: distance=0.800 m, bearing=0.274 rad
[INFO] [1781179845.006237]: AR Detection received: distance=0.466 m, bearing=-0.096 rad
[INFO] [1781179845.092284]: AR Detection received: distance=0.076 m, bearing=2.536 rad
[INFO] [1781179845.258719]: ArUco: Detected 3 marker(s) in frame 776
[INFO] [1781179845.285187]: AR Detection received: distance=0.536 m, bearing=-0.791 rad
[INFO] [1781179845.285263]: ArUco: Published 3 detection(s) out of 3 detected markers
[INFO] [1781179845.318108]: ArUco: Detected 3 marker(s) in frame 777
[INFO] [1781179845.331011]: AR Detection received: distance=0.614 m, bearing=-0.569 rad
[INFO] [1781179845.332941]: ArUco: Published 3 detection(s) out of 3 detected markers
[INFO] [1781179845.368246]: ArUco: Detected 4 marker(s) in frame 778
[INFO] [1781179845.370706]: AR Detection received: distance=0.965 m, bearing=0.314 rad
[INFO] [1781179845.394877]: ArUco: Published 4 detection(s) out of 4 detected markers
[INFO] [1781179845.403631]: AR Detection received: distance=0.606 m, bearing=-0.577 rad
[INFO] [1781179845.425336]: ArUco: Detected 4 marker(s) in frame 779
[INFO] [1781179845.434712]: AR Detection received: distance=0.697 m, bearing=0.203 rad
[INFO] [1781179845.460602]: ArUco: Published 4 detection(s) out of 4 detected markers
[INFO] [1781179845.473869]: AR Detection received: distance=0.978 m, bearing=0.315 rad
[INFO] [1781179845.491307]: ArUco: Detected 4 marker(s) in frame 780
[INFO] [1781179845.500866]: AR Detection received: distance=0.535 m, bearing=-0.794 rad
[INFO] [1781179845.505940]: ArUco: Published 4 detection(s) out of 4 detected markers
[INFO] [1781179845.536246]: AR Detection received: distance=0.601 m, bearing=-0.577 rad
[INFO] [1781179845.537499]: ArUco: Detected 4 marker(s) in frame 781
[INFO] [1781179845.568120]: ArUco: Published 4 detection(s) out of 4 detected markers
[INFO] [1781179845.573650]: AR Detection received: distance=0.960 m, bearing=0.315 rad
[INFO] [1781179845.605045]: ArUco: Detected 5 marker(s) in frame 782
[INFO] [1781179845.632047]: ArUco: Published 5 detection(s) out of 5 detected markers
[INFO] [1781179845.633016]: AR Detection received: distance=0.715 m, bearing=0.204 rad
[INFO] [1781179845.667174]: AR Detection received: distance=0.961 m, bearing=0.315 rad
[INFO] [1781179845.667452]: ArUco: Detected 5 marker(s) in frame 783
[INFO] [1781179845.695096]: ArUco: Published 5 detection(s) out of 5 detected markers
[INFO] [1781179845.701902]: AR Detection received: distance=0.885 m, bearing=0.855 rad
[INFO] [1781179845.725437]: ArUco: Detected 5 marker(s) in frame 784
[INFO] [1781179845.732884]: AR Detection received: distance=0.590 m, bearing=-0.575 rad
[INFO] [1781179845.755855]: ArUco: Published 5 detection(s) out of 5 detected markers
[INFO] [1781179845.773803]: AR Detection received: distance=0.961 m, bearing=0.315 rad
[INFO] [1781179845.775564]: ArUco: Detected 5 marker(s) in frame 785
[INFO] [1781179845.805422]: ArUco: Published 5 detection(s) out of 5 detected markers
[INFO] [1781179845.806440]: AR Detection received: distance=0.715 m, bearing=0.204 rad
[INFO] [1781179845.840286]: ArUco: Detected 5 marker(s) in frame 786
[INFO] [1781179845.843154]: AR Detection received: distance=0.601 m, bearing=-0.575 rad
[INFO] [1781179845.917531]: ArUco: Published 5 detection(s) out of 5 detected markers
[INFO] [1781179845.922328]: AR Detection received: distance=0.961 m, bearing=0.315 rad
[INFO] [1781179845.947033]: AR Detection received: distance=0.715 m, bearing=0.204 rad
[INFO] [1781179845.947559]: ArUco: Detected 4 marker(s) in frame 787
[INFO] [1781179845.988109]: ArUco: Published 4 detection(s) out of 4 detected markers
[INFO] [1781179845.996229]: AR Detection received: distance=0.897 m, bearing=0.855 rad
[INFO] [1781179846.007111]: ArUco: Detected 4 marker(s) in frame 788
[INFO] [1781179846.029468]: AR Detection received: distance=0.547 m, bearing=-0.791 rad
[INFO] [1781179846.033512]: ArUco: Published 4 detection(s) out of 4 detected markers
[INFO] [1781179846.064822]: AR Detection received: distance=0.702 m, bearing=0.204 rad
[INFO] [1781179846.074081]: ArUco: Detected 4 marker(s) in frame 789
[INFO] [1781179846.094995]: AR Detection received: distance=0.896 m, bearing=0.855 rad
[INFO] [1781179846.096889]: ArUco: Published 4 detection(s) out of 4 detected markers
[INFO] [1781179846.128415]: AR Detection received: distance=0.606 m, bearing=-0.575 rad
[INFO] [1781179846.131845]: ArUco: Detected 4 marker(s) in frame 790
[INFO] [1781179846.158231]: ArUco: Published 4 detection(s) out of 4 detected markers
[INFO] [1781179846.160321]: AR Detection received: distance=0.702 m, bearing=0.204 rad
[INFO] [1781179846.190946]: ArUco: Detected 5 marker(s) in frame 791
[INFO] [1781179846.193470]: AR Detection received: distance=0.553 m, bearing=-0.795 rad
[INFO] [1781179846.224144]: ArUco: Published 5 detection(s) out of 5 detected markers
[INFO] [1781179846.229007]: AR Detection received: distance=0.961 m, bearing=0.315 rad
[INFO] [1781179846.249940]: ArUco: Detected 5 marker(s) in frame 792
[INFO] [1781179846.273537]: AR Detection received: distance=0.553 m, bearing=-0.795 rad
[INFO] [1781179846.289219]: ArUco: Published 5 detection(s) out of 5 detected markers
[INFO] [1781179846.305467]: AR Detection received: distance=0.606 m, bearing=-0.575 rad
[INFO] [1781179846.331073]: ArUco: Detected 5 marker(s) in frame 793
[INFO] [1781179846.344882]: AR Detection received: distance=0.698 m, bearing=0.205 rad
[INFO] [1781179846.354757]: ArUco: Published 5 detection(s) out of 5 detected markers
[INFO] [1781179846.373082]: AR Detection received: distance=0.961 m, bearing=0.315 rad
[INFO] [1781179846.393011]: ArUco: Detected 3 marker(s) in frame 794
[INFO] [1781179846.401474]: AR Detection received: distance=0.553 m, bearing=-0.795 rad
[INFO] [1781179846.425360]: ArUco: Published 3 detection(s) out of 3 detected markers
[INFO] [1781179846.442195]: AR Detection received: distance=0.606 m, bearing=-0.575 rad
[INFO] [1781179846.470595]: ArUco: Detected 5 marker(s) in frame 795
[INFO] [1781179846.489491]: AR Detection received: distance=0.700 m, bearing=0.204 rad
[INFO] [1781179846.494750]: ArUco: Published 5 detection(s) out of 5 detected markers
[INFO] [1781179846.517718]: AR Detection received: distance=0.915 m, bearing=0.855 rad
[INFO] [1781179846.551283]: AR Detection received: distance=0.946 m, bearing=0.316 rad
[INFO] [1781179846.578314]: AR Detection received: distance=0.538 m, bearing=-0.795 rad
[INFO] [1781179846.601961]: AR Detection received: distance=0.606 m, bearing=-0.575 rad
[INFO] [1781179846.632841]: AR Detection received: distance=0.700 m, bearing=0.204 rad
[INFO] [1781179846.662735]: AR Detection received: distance=0.915 m, bearing=0.855 rad
[INFO] [1781179846.698090]: ArUco: Detected 3 marker(s) in frame 802
[INFO] [1781179846.708642]: AR Detection received: distance=0.946 m, bearing=0.316 rad
[INFO] [1781179846.727013]: ArUco: Published 3 detection(s) out of 3 detected markers
[INFO] [1781179846.742782]: AR Detection received: distance=0.606 m, bearing=-0.575 rad
[INFO] [1781179846.758442]: ArUco: Detected 2 marker(s) in frame 803
[INFO] [1781179846.771193]: AR Detection received: distance=0.700 m, bearing=0.204 rad
[INFO] [1781179846.779268]: ArUco: Published 2 detection(s) out of 2 detected markers
[INFO] [1781179846.803869]: ArUco: Detected 4 marker(s) in frame 804
[INFO] [1781179846.809101]: AR Detection received: distance=0.545 m, bearing=-0.795 rad
[INFO] [1781179846.831935]: ArUco: Published 4 detection(s) out of 4 detected markers
[INFO] [1781179846.842913]: AR Detection received: distance=0.606 m, bearing=-0.575 rad
[INFO] [1781179846.866493]: ArUco: Detected 4 marker(s) in frame 805
[INFO] [1781179846.873872]: AR Detection received: distance=0.698 m, bearing=0.204 rad
[INFO] [1781179846.901434]: ArUco: Published 4 detection(s) out of 4 detected markers
[INFO] [1781179846.913709]: AR Detection received: distance=0.915 m, bearing=0.855 rad
[INFO] [1781179846.937231]: ArUco: Detected 4 marker(s) in frame 806
[INFO] [1781179846.943230]: AR Detection received: distance=0.946 m, bearing=0.316 rad
[INFO] [1781179846.964052]: ArUco: Published 4 detection(s) out of 4 detected markers
[INFO] [1781179846.973665]: AR Detection received: distance=0.350 m, bearing=-0.279 rad
[INFO] [1781179846.992699]: ArUco: Detected 4 marker(s) in frame 807
[INFO] [1781179847.003324]: AR Detection received: distance=0.793 m, bearing=0.218 rad
[INFO] [1781179847.014363]: ArUco: Published 4 detection(s) out of 4 detected markers
[INFO] [1781179847.033872]: AR Detection received: distance=0.721 m, bearing=-0.828 rad
[INFO] [1781179847.066690]: AR Detection received: distance=0.717 m, bearing=-0.823 rad
[INFO] [1781179847.104511]: AR Detection received: distance=0.364 m, bearing=-0.256 rad
[INFO] [1781179847.166626]: AR Detection received: distance=0.980 m, bearing=0.330 rad
[INFO] [1781179847.220959]: ArUco: Detected 2 marker(s) in frame 814
[INFO] [1781179847.221752]: AR Detection received: distance=0.780 m, bearing=0.225 rad
[INFO] [1781179847.242674]: ArUco: Published 2 detection(s) out of 2 detected markers
[INFO] [1781179847.261540]: AR Detection received: distance=0.366 m, bearing=-0.257 rad
[INFO] [1781179847.274844]: ArUco: Detected 3 marker(s) in frame 815
[INFO] [1781179847.297475]: ArUco: Published 3 detection(s) out of 3 detected markers
[INFO] [1781179847.298340]: AR Detection received: distance=0.717 m, bearing=-0.823 rad
[INFO] [1781179847.323061]: ArUco: Detected 3 marker(s) in frame 816
[INFO] [1781179847.325511]: AR Detection received: distance=0.985 m, bearing=0.330 rad
[INFO] [1781179847.335131]: ArUco: Published 3 detection(s) out of 3 detected markers
[INFO] [1781179847.355088]: AR Detection received: distance=0.367 m, bearing=-0.257 rad
[INFO] [1781179847.366912]: ArUco: Detected 2 marker(s) in frame 817
[INFO] [1781179847.386251]: AR Detection received: distance=0.804 m, bearing=0.225 rad
[INFO] [1781179847.394428]: ArUco: Published 2 detection(s) out of 2 detected markers
[INFO] [1781179847.406867]: AR Detection received: distance=0.718 m, bearing=-0.823 rad
[INFO] [1781179847.423727]: ArUco: Detected 1 marker(s) in frame 818
[INFO] [1781179847.441917]: AR Detection received: distance=0.913 m, bearing=0.319 rad
[INFO] [1781179847.457732]: ArUco: Published 1 detection(s) out of 1 detected markers
[INFO] [1781179847.475040]: AR Detection received: distance=0.311 m, bearing=-0.431 rad
[INFO] [1781179847.484125]: ArUco: Detected 2 marker(s) in frame 819
[INFO] [1781179847.564593]: AR Detection received: distance=0.928 m, bearing=0.318 rad
[INFO] [1781179847.598689]: ArUco: Published 2 detection(s) out of 2 detected markers
[INFO] [1781179847.619340]: AR Detection received: distance=0.150 m, bearing=-0.517 rad
[INFO] [1781179847.630800]: ArUco: Detected 2 marker(s) in frame 820
[INFO] [1781179847.641498]: AR Detection received: distance=0.675 m, bearing=0.130 rad
[INFO] [1781179847.655860]: ArUco: Published 2 detection(s) out of 2 detected markers
[INFO] [1781179847.673267]: ArUco: Detected 2 marker(s) in frame 821
[INFO] [1781179847.675357]: AR Detection received: distance=0.893 m, bearing=0.318 rad
[INFO] [1781179847.697488]: ArUco: Published 2 detection(s) out of 2 detected markers
[INFO] [1781179847.705048]: AR Detection received: distance=0.132 m, bearing=-0.547 rad
[INFO] [1781179847.727929]: ArUco: Detected 2 marker(s) in frame 822
[INFO] [1781179847.763272]: AR Detection received: distance=0.650 m, bearing=0.129 rad
[INFO] [1781179847.769786]: ArUco: Published 2 detection(s) out of 2 detected markers
[INFO] [1781179847.806659]: AR Detection received: distance=0.087 m, bearing=-0.616 rad
[INFO] [1781179847.818188]: ArUco: Detected 2 marker(s) in frame 823
[INFO] [1781179847.847604]: AR Detection received: distance=0.650 m, bearing=0.130 rad
[INFO] [1781179847.861064]: ArUco: Published 2 detection(s) out of 2 detected markers
[INFO] [1781179847.880949]: AR Detection received: distance=0.607 m, bearing=0.131 rad
[INFO] [1781179847.897748]: ArUco: Detected 2 marker(s) in frame 824
[INFO] [1781179847.909987]: AR Detection received: distance=0.166 m, bearing=2.700 rad
[INFO] [1781179847.918511]: ArUco: Published 2 detection(s) out of 2 detected markers
[INFO] [1781179847.934030]: ArUco: Detected 2 marker(s) in frame 825
[INFO] [1781179847.936247]: AR Detection received: distance=0.611 m, bearing=0.136 rad
[INFO] [1781179847.970603]: ArUco: Published 2 detection(s) out of 2 detected markers
[INFO] [1781179847.972832]: AR Detection received: distance=0.135 m, bearing=2.665 rad
[INFO] [1781179848.004245]: AR Detection received: distance=0.587 m, bearing=0.158 rad
[INFO] [1781179848.007973]: ArUco: Detected 3 marker(s) in frame 826
[INFO] [1781179848.033185]: ArUco: Published 3 detection(s) out of 3 detected markers
[INFO] [1781179848.039722]: AR Detection received: distance=0.117 m, bearing=2.639 rad
[INFO] [1781179848.095158]: ArUco: Detected 3 marker(s) in frame 827
[INFO] [1781179848.099598]: AR Detection received: distance=0.581 m, bearing=0.162 rad
[INFO] [1781179848.128174]: ArUco: Published 3 detection(s) out of 3 detected markers
[INFO] [1781179848.136544]: AR Detection received: distance=0.086 m, bearing=2.575 rad
[INFO] [1781179848.157444]: ArUco: Detected 3 marker(s) in frame 828
[INFO] [1781179848.174055]: ArUco: Published 3 detection(s) out of 3 detected markers
[INFO] [1781179848.182722]: AR Detection received: distance=0.564 m, bearing=0.172 rad
[INFO] [1781179848.198882]: ArUco: Detected 3 marker(s) in frame 829
[INFO] [1781179848.207097]: AR Detection received: distance=0.450 m, bearing=-0.427 rad
[INFO] [1781179848.234836]: ArUco: Published 3 detection(s) out of 3 detected markers
[INFO] [1781179848.259843]: AR Detection received: distance=0.447 m, bearing=0.206 rad
[INFO] [1781179848.270239]: ArUco: Detected 1 marker(s) in frame 830
[INFO] [1781179848.293836]: AR Detection received: distance=0.170 m, bearing=-2.880 rad
[INFO] [1781179848.296928]: ArUco: Published 1 detection(s) out of 1 detected markers
[INFO] [1781179848.338370]: AR Detection received: distance=0.387 m, bearing=-0.525 rad
[INFO] [1781179848.343416]: ArUco: Detected 2 marker(s) in frame 831
[INFO] [1781179848.384590]: ArUco: Published 2 detection(s) out of 2 detected markers
[INFO] [1781179848.392180]: AR Detection received: distance=0.427 m, bearing=0.213 rad
[INFO] [1781179848.403982]: ArUco: Detected 1 marker(s) in frame 832
[INFO] [1781179848.434144]: AR Detection received: distance=0.054 m, bearing=-2.852 rad
[INFO] [1781179848.447704]: ArUco: Published 1 detection(s) out of 1 detected markers
[INFO] [1781179848.474852]: AR Detection received: distance=0.373 m, bearing=-0.556 rad
[INFO] [1781179848.533827]: AR Detection received: distance=0.403 m, bearing=0.220 rad
[INFO] [1781179848.575297]: AR Detection received: distance=0.120 m, bearing=0.429 rad
[INFO] [1781179848.645288]: AR Detection received: distance=0.359 m, bearing=-0.569 rad
[INFO] [1781179848.702975]: AR Detection received: distance=0.397 m, bearing=0.226 rad
[INFO] [1781179848.766088]: AR Detection received: distance=0.359 m, bearing=0.235 rad
[INFO] [1781179848.797639]: AR Detection received: distance=0.067 m, bearing=0.596 rad
[INFO] [1781179848.826134]: AR Detection received: distance=0.338 m, bearing=0.238 rad
[INFO] [1781179848.859040]: AR Detection received: distance=0.325 m, bearing=0.242 rad
[INFO] [1781179848.927046]: ArUco: Detected 1 marker(s) in frame 848
[INFO] [1781179848.952477]: ArUco: Published 1 detection(s) out of 1 detected markers
[INFO] [1781179848.953012]: AR Detection received: distance=0.372 m, bearing=-0.704 rad
[INFO] [1781179849.123364]: ArUco: Detected 2 marker(s) in frame 854
[INFO] [1781179849.150450]: ArUco: Published 2 detection(s) out of 2 detected markers
[INFO] [1781179849.150554]: AR Detection received: distance=0.068 m, bearing=-2.775 rad
[INFO] [1781179849.174496]: ArUco: Detected 2 marker(s) in frame 855
[INFO] [1781179849.175641]: AR Detection received: distance=0.339 m, bearing=-0.519 rad
[INFO] [1781179849.205528]: ArUco: Published 2 detection(s) out of 2 detected markers
[INFO] [1781179849.211956]: AR Detection received: distance=0.116 m, bearing=0.413 rad
[INFO] [1781179849.263489]: ArUco: Detected 2 marker(s) in frame 856
[INFO] [1781179849.263776]: AR Detection received: distance=0.340 m, bearing=-0.514 rad
[INFO] [1781179849.302459]: ArUco: Published 2 detection(s) out of 2 detected markers
[INFO] [1781179849.305120]: AR Detection received: distance=0.341 m, bearing=-0.520 rad
[INFO] [1781179849.346280]: AR Detection received: distance=0.051 m, bearing=0.249 rad
[INFO] [1781179849.346927]: ArUco: Detected 2 marker(s) in frame 857
[INFO] [1781179849.396490]: ArUco: Published 2 detection(s) out of 2 detected markers
[INFO] [1781179849.406587]: AR Detection received: distance=0.341 m, bearing=-0.519 rad
[INFO] [1781179849.421064]: ArUco: Detected 2 marker(s) in frame 858
[INFO] [1781179849.440163]: AR Detection received: distance=0.051 m, bearing=0.249 rad
[INFO] [1781179849.451919]: ArUco: Published 2 detection(s) out of 2 detected markers
[INFO] [1781179849.468098]: AR Detection received: distance=0.341 m, bearing=-0.519 rad
[INFO] [1781179849.471702]: ArUco: Detected 1 marker(s) in frame 859
[INFO] [1781179849.502323]: ArUco: Published 1 detection(s) out of 1 detected markers
[INFO] [1781179849.509592]: AR Detection received: distance=0.051 m, bearing=0.249 rad
[INFO] [1781179849.539330]: AR Detection received: distance=0.341 m, bearing=-0.516 rad
[INFO] [1781179849.654274]: ArUco: Detected 2 marker(s) in frame 865
[INFO] [1781179849.669870]: ArUco: Published 2 detection(s) out of 2 detected markers
[INFO] [1781179849.669927]: AR Detection received: distance=0.316 m, bearing=0.052 rad
[INFO] [1781179849.707062]: ArUco: Detected 2 marker(s) in frame 866
[INFO] [1781179849.726188]: AR Detection received: distance=0.305 m, bearing=-0.658 rad
[INFO] [1781179849.731258]: ArUco: Published 2 detection(s) out of 2 detected markers
[INFO] [1781179849.761166]: AR Detection received: distance=0.314 m, bearing=0.055 rad
[INFO] [1781179849.771769]: ArUco: Detected 2 marker(s) in frame 867
[INFO] [1781179849.804752]: AR Detection received: distance=0.304 m, bearing=-0.644 rad
[INFO] [1781179849.821956]: ArUco: Published 2 detection(s) out of 2 detected markers
[INFO] [1781179849.872931]: ArUco: Detected 2 marker(s) in frame 868
[INFO] [1781179849.873839]: AR Detection received: distance=0.312 m, bearing=0.047 rad
[INFO] [1781179849.967121]: ArUco: Published 2 detection(s) out of 2 detected markers
[INFO] [1781179849.971155]: AR Detection received: distance=0.303 m, bearing=-0.660 rad
[INFO] [1781179849.999100]: ArUco: Detected 2 marker(s) in frame 869
[INFO] [1781179850.008783]: AR Detection received: distance=0.315 m, bearing=0.049 rad
[INFO] [1781179850.028526]: ArUco: Published 2 detection(s) out of 2 detected markers
[INFO] [1781179850.042123]: AR Detection received: distance=0.303 m, bearing=-0.660 rad
[INFO] [1781179850.067933]: ArUco: Detected 2 marker(s) in frame 870
[INFO] [1781179850.075114]: AR Detection received: distance=0.315 m, bearing=0.049 rad
[INFO] [1781179850.095835]: ArUco: Published 2 detection(s) out of 2 detected markers
[INFO] [1781179850.103022]: AR Detection received: distance=0.303 m, bearing=-0.660 rad
[INFO] [1781179850.131788]: ArUco: Detected 1 marker(s) in frame 871
[INFO] [1781179850.145399]: AR Detection received: distance=0.316 m, bearing=0.049 rad
[INFO] [1781179850.157866]: ArUco: Published 1 detection(s) out of 1 detected markers
[INFO] [1781179850.180770]: AR Detection received: distance=0.303 m, bearing=-0.660 rad
[INFO] [1781179850.205863]: AR Detection received: distance=0.306 m, bearing=-0.674 rad
[INFO] [1781179850.627472]: ArUco: Detected 1 marker(s) in frame 886
[INFO] [1781179850.646939]: ArUco: Published 1 detection(s) out of 1 detected markers
[INFO] [1781179850.647140]: AR Detection received: distance=0.137 m, bearing=-0.463 rad
[INFO] [1781179851.085307]: ArUco: No markers detected (frame 900)
[INFO] [1781179851.226655]: ArUco: Detected 3 marker(s) in frame 904
[INFO] [1781179851.254714]: ArUco: Published 3 detection(s) out of 3 detected markers
[INFO] [1781179851.254751]: AR Detection received: distance=0.362 m, bearing=0.240 rad
[INFO] [1781179851.301630]: ArUco: Detected 3 marker(s) in frame 905
[INFO] [1781179851.303023]: AR Detection received: distance=0.757 m, bearing=-0.832 rad
[INFO] [1781179851.385364]: ArUco: Published 3 detection(s) out of 3 detected markers
[INFO] [1781179851.393286]: AR Detection received: distance=0.638 m, bearing=-0.646 rad
[INFO] [1781179851.435460]: ArUco: Detected 2 marker(s) in frame 906
[INFO] [1781179851.462161]: AR Detection received: distance=0.748 m, bearing=-0.837 rad
[INFO] [1781179851.516895]: ArUco: Published 2 detection(s) out of 2 detected markers
[INFO] [1781179851.524208]: AR Detection received: distance=0.629 m, bearing=-0.654 rad
[INFO] [1781179851.555063]: AR Detection received: distance=0.365 m, bearing=0.234 rad
[INFO] [1781179851.584710]: AR Detection received: distance=0.628 m, bearing=-0.661 rad
[INFO] [1781179851.631269]: AR Detection received: distance=0.358 m, bearing=0.228 rad
[INFO] [1781179852.090370]: ArUco: Detected 1 marker(s) in frame 924
[INFO] [1781179852.120664]: ArUco: Published 1 detection(s) out of 1 detected markers
[INFO] [1781179852.121074]: AR Detection received: distance=0.279 m, bearing=-0.727 rad
[INFO] [1781179852.785226]: ArUco: Detected 1 marker(s) in frame 945
[INFO] [1781179852.800577]: ArUco: Published 1 detection(s) out of 1 detected markers
[INFO] [1781179852.800845]: AR Detection received: distance=0.170 m, bearing=-0.392 rad
[INFO] [1781179852.837974]: ArUco: Detected 1 marker(s) in frame 946
[INFO] [1781179852.861250]: ArUco: Published 1 detection(s) out of 1 detected markers
[INFO] [1781179852.862481]: AR Detection received: distance=0.170 m, bearing=-0.366 rad
[INFO] [1781179852.903156]: ArUco: Detected 1 marker(s) in frame 947
[INFO] [1781179852.929875]: ArUco: Published 1 detection(s) out of 1 detected markers
[INFO] [1781179852.930296]: AR Detection received: distance=0.167 m, bearing=-0.376 rad
[INFO] [1781179852.959922]: ArUco: Detected 1 marker(s) in frame 948
[INFO] [1781179853.000465]: ArUco: Published 1 detection(s) out of 1 detected markers
[INFO] [1781179853.000852]: AR Detection received: distance=0.167 m, bearing=-0.383 rad
[INFO] [1781179853.041106]: ArUco: Detected 1 marker(s) in frame 949
[INFO] [1781179853.090912]: ArUco: Published 1 detection(s) out of 1 detected markers
[INFO] [1781179853.091206]: AR Detection received: distance=0.170 m, bearing=-0.375 rad
[INFO] [1781179853.137970]: ArUco: Detected 1 marker(s) in frame 950
[INFO] [1781179853.162904]: ArUco: Published 1 detection(s) out of 1 detected markers
[INFO] [1781179853.162978]: AR Detection received: distance=0.170 m, bearing=-0.369 rad
[INFO] [1781179853.203360]: ArUco: Detected 2 marker(s) in frame 951
[INFO] [1781179853.236002]: ArUco: Published 2 detection(s) out of 2 detected markers
[INFO] [1781179853.236438]: AR Detection received: distance=0.058 m, bearing=-2.799 rad
[INFO] [1781179853.272577]: AR Detection received: distance=0.170 m, bearing=-0.370 rad
[INFO] [1781179853.273105]: ArUco: Detected 1 marker(s) in frame 952
[INFO] [1781179853.361013]: ArUco: Published 1 detection(s) out of 1 detected markers
[INFO] [1781179853.369587]: AR Detection received: distance=0.172 m, bearing=-0.367 rad
[INFO] [1781179853.421370]: ArUco: Detected 1 marker(s) in frame 954
[INFO] [1781179853.448586]: ArUco: Published 1 detection(s) out of 1 detected markers
[INFO] [1781179853.448838]: AR Detection received: distance=0.153 m, bearing=-0.415 rad
[INFO] [1781179853.605777]: ArUco: Detected 1 marker(s) in frame 959
[INFO] [1781179853.635018]: ArUco: Published 1 detection(s) out of 1 detected markers
[INFO] [1781179853.635427]: AR Detection received: distance=0.151 m, bearing=-0.171 rad
[INFO] [1781179853.684559]: ArUco: Detected 1 marker(s) in frame 960
[INFO] [1781179853.830345]: ArUco: Published 1 detection(s) out of 1 detected markers
[INFO] [1781179853.831205]: AR Detection received: distance=0.152 m, bearing=-0.168 rad
[INFO] [1781179853.955320]: ArUco: Detected 1 marker(s) in frame 961
[INFO] [1781179854.022052]: ArUco: Published 1 detection(s) out of 1 detected markers
[INFO] [1781179854.022429]: AR Detection received: distance=0.152 m, bearing=-0.169 rad
[INFO] [1781179854.093166]: ArUco: Detected 1 marker(s) in frame 962
[INFO] [1781179854.127271]: ArUco: Published 1 detection(s) out of 1 detected markers
[INFO] [1781179854.127663]: AR Detection received: distance=0.151 m, bearing=-0.166 rad
[INFO] [1781179854.173092]: ArUco: Detected 1 marker(s) in frame 963
[INFO] [1781179854.201650]: ArUco: Published 1 detection(s) out of 1 detected markers
[INFO] [1781179854.201964]: AR Detection received: distance=0.142 m, bearing=-0.192 rad
[INFO] [1781179854.268955]: ArUco: Detected 1 marker(s) in frame 964
[INFO] [1781179854.329599]: ArUco: Published 1 detection(s) out of 1 detected markers
[INFO] [1781179854.330004]: AR Detection received: distance=0.111 m, bearing=-0.248 rad
[INFO] [1781179856.093305]: ArUco: Detected 1 marker(s) in frame 1015
[INFO] [1781179856.119505]: ArUco: Published 1 detection(s) out of 1 detected markers
[INFO] [1781179856.119960]: AR Detection received: distance=0.563 m, bearing=0.280 rad
[INFO] [1781179856.195266]: ArUco: Detected 1 marker(s) in frame 1018
[INFO] [1781179856.224881]: ArUco: Published 1 detection(s) out of 1 detected markers
[INFO] [1781179856.225231]: AR Detection received: distance=0.560 m, bearing=0.280 rad
[INFO] [1781179856.287416]: ArUco: Detected 1 marker(s) in frame 1020
[INFO] [1781179856.350274]: ArUco: Published 1 detection(s) out of 1 detected markers
[INFO] [1781179856.350620]: AR Detection received: distance=0.560 m, bearing=0.280 rad
[INFO] [1781179856.392551]: ArUco: Detected 1 marker(s) in frame 1021
[INFO] [1781179856.481519]: ArUco: Published 1 detection(s) out of 1 detected markers
[INFO] [1781179856.481978]: AR Detection received: distance=0.560 m, bearing=0.280 rad
[INFO] [1781179856.753665]: ArUco: Detected 1 marker(s) in frame 1030
[INFO] [1781179856.789191]: ArUco: Published 1 detection(s) out of 1 detected markers
[INFO] [1781179856.789615]: AR Detection received: distance=0.151 m, bearing=0.017 rad
[INFO] [1781179856.810557]: ArUco: Detected 1 marker(s) in frame 1031
[INFO] [1781179856.831753]: ArUco: Published 1 detection(s) out of 1 detected markers
[INFO] [1781179856.832163]: AR Detection received: distance=0.151 m, bearing=0.015 rad
[INFO] [1781179856.896832]: ArUco: Detected 1 marker(s) in frame 1032
[INFO] [1781179856.929491]: ArUco: Published 1 detection(s) out of 1 detected markers
[INFO] [1781179856.929758]: AR Detection received: distance=0.150 m, bearing=0.011 rad
[INFO] [1781179856.958301]: ArUco: Detected 1 marker(s) in frame 1033
[INFO] [1781179856.991349]: ArUco: Published 1 detection(s) out of 1 detected markers
[INFO] [1781179856.991786]: AR Detection received: distance=0.151 m, bearing=0.012 rad
[INFO] [1781179857.025964]: ArUco: Detected 1 marker(s) in frame 1034
[INFO] [1781179857.054281]: ArUco: Published 1 detection(s) out of 1 detected markers
[INFO] [1781179857.054484]: AR Detection received: distance=0.151 m, bearing=0.010 rad
[INFO] [1781179857.084311]: ArUco: Detected 1 marker(s) in frame 1035
[INFO] [1781179857.106674]: ArUco: Published 1 detection(s) out of 1 detected markers
[INFO] [1781179857.106910]: AR Detection received: distance=0.151 m, bearing=0.010 rad
[INFO] [1781179857.157053]: ArUco: Detected 1 marker(s) in frame 1036
[INFO] [1781179857.186439]: ArUco: Published 1 detection(s) out of 1 detected markers
[INFO] [1781179857.186777]: AR Detection received: distance=0.151 m, bearing=0.011 rad
[INFO] [1781179857.209501]: ArUco: Detected 1 marker(s) in frame 1037
[INFO] [1781179857.247002]: ArUco: Published 1 detection(s) out of 1 detected markers
[INFO] [1781179857.247204]: AR Detection received: distance=0.150 m, bearing=0.011 rad
[INFO] [1781179857.272330]: ArUco: Detected 1 marker(s) in frame 1038
[INFO] [1781179857.305130]: ArUco: Published 1 detection(s) out of 1 detected markers
[INFO] [1781179857.305353]: AR Detection received: distance=0.151 m, bearing=0.010 rad
[INFO] [1781179857.364851]: ArUco: Detected 1 marker(s) in frame 1039
[INFO] [1781179857.399451]: ArUco: Published 1 detection(s) out of 1 detected markers
[INFO] [1781179857.399873]: AR Detection received: distance=0.150 m, bearing=0.011 rad
[INFO] [1781179857.457263]: ArUco: Detected 1 marker(s) in frame 1040
[INFO] [1781179857.489804]: ArUco: Published 1 detection(s) out of 1 detected markers
[INFO] [1781179857.490148]: AR Detection received: distance=0.151 m, bearing=0.010 rad
[INFO] [1781179857.535629]: ArUco: Detected 1 marker(s) in frame 1041
[INFO] [1781179857.626991]: ArUco: Published 1 detection(s) out of 1 detected markers
[INFO] [1781179857.627327]: AR Detection received: distance=0.150 m, bearing=0.011 rad
[INFO] [1781179857.659478]: ArUco: Detected 1 marker(s) in frame 1042
[INFO] [1781179857.693916]: ArUco: Published 1 detection(s) out of 1 detected markers
[INFO] [1781179857.694239]: AR Detection received: distance=0.151 m, bearing=0.010 rad
[INFO] [1781179857.721934]: ArUco: Detected 1 marker(s) in frame 1043
[INFO] [1781179857.749741]: ArUco: Published 1 detection(s) out of 1 detected markers
[INFO] [1781179857.750011]: AR Detection received: distance=0.150 m, bearing=0.011 rad
[INFO] [1781179857.769109]: ArUco: Detected 1 marker(s) in frame 1044
[INFO] [1781179857.798455]: ArUco: Published 1 detection(s) out of 1 detected markers
[INFO] [1781179857.798699]: AR Detection received: distance=0.151 m, bearing=0.011 rad
[INFO] [1781179857.835829]: ArUco: Detected 1 marker(s) in frame 1045
[INFO] [1781179857.884340]: ArUco: Published 1 detection(s) out of 1 detected markers
[INFO] [1781179857.884684]: AR Detection received: distance=0.151 m, bearing=0.010 rad
[INFO] [1781179857.919178]: ArUco: Detected 1 marker(s) in frame 1046
[INFO] [1781179857.943321]: ArUco: Published 1 detection(s) out of 1 detected markers
[INFO] [1781179857.943514]: AR Detection received: distance=0.151 m, bearing=0.010 rad
[INFO] [1781179857.971066]: ArUco: Detected 1 marker(s) in frame 1047
[INFO] [1781179857.995000]: ArUco: Published 1 detection(s) out of 1 detected markers
[INFO] [1781179857.995218]: AR Detection received: distance=0.150 m, bearing=0.011 rad
[INFO] [1781179858.029752]: ArUco: Detected 1 marker(s) in frame 1048
[INFO] [1781179858.058110]: ArUco: Published 1 detection(s) out of 1 detected markers
[INFO] [1781179858.058567]: AR Detection received: distance=0.151 m, bearing=0.012 rad
[INFO] [1781179858.090611]: ArUco: Detected 1 marker(s) in frame 1049
[INFO] [1781179858.120782]: ArUco: Published 1 detection(s) out of 1 detected markers
[INFO] [1781179858.120996]: AR Detection received: distance=0.151 m, bearing=0.013 rad
[INFO] [1781179858.155421]: ArUco: Detected 1 marker(s) in frame 1050
[INFO] [1781179858.169986]: ArUco: Published 1 detection(s) out of 1 detected markers
[INFO] [1781179858.170187]: AR Detection received: distance=0.150 m, bearing=0.011 rad
[INFO] [1781179858.199599]: ArUco: Detected 1 marker(s) in frame 1051
[INFO] [1781179858.228313]: ArUco: Published 1 detection(s) out of 1 detected markers
[INFO] [1781179858.228830]: AR Detection received: distance=0.150 m, bearing=0.011 rad
[INFO] [1781179858.263710]: ArUco: Detected 1 marker(s) in frame 1052
[INFO] [1781179858.286355]: ArUco: Published 1 detection(s) out of 1 detected markers
[INFO] [1781179858.286632]: AR Detection received: distance=0.151 m, bearing=0.011 rad
[INFO] [1781179858.324391]: ArUco: Detected 1 marker(s) in frame 1053
[INFO] [1781179858.347202]: ArUco: Published 1 detection(s) out of 1 detected markers
[INFO] [1781179858.347460]: AR Detection received: distance=0.152 m, bearing=0.012 rad
[INFO] [1781179858.374146]: ArUco: Detected 1 marker(s) in frame 1054
[INFO] [1781179858.400060]: ArUco: Published 1 detection(s) out of 1 detected markers
[INFO] [1781179858.400422]: AR Detection received: distance=0.151 m, bearing=0.013 rad
[INFO] [1781179858.429938]: ArUco: Detected 1 marker(s) in frame 1055
[INFO] [1781179858.464843]: ArUco: Published 1 detection(s) out of 1 detected markers
[INFO] [1781179858.465219]: AR Detection received: distance=0.151 m, bearing=0.011 rad
[INFO] [1781179858.498504]: ArUco: Detected 1 marker(s) in frame 1056
[INFO] [1781179858.526040]: ArUco: Published 1 detection(s) out of 1 detected markers
[INFO] [1781179858.526277]: AR Detection received: distance=0.151 m, bearing=0.013 rad
[INFO] [1781179858.557876]: ArUco: Detected 1 marker(s) in frame 1057
[INFO] [1781179858.569931]: ArUco: Published 1 detection(s) out of 1 detected markers
[INFO] [1781179858.570882]: AR Detection received: distance=0.152 m, bearing=0.012 rad
[INFO] [1781179858.598704]: ArUco: Detected 1 marker(s) in frame 1058
[INFO] [1781179858.629059]: ArUco: Published 1 detection(s) out of 1 detected markers
[INFO] [1781179858.629324]: AR Detection received: distance=0.151 m, bearing=0.012 rad
[INFO] [1781179858.660443]: ArUco: Detected 1 marker(s) in frame 1059
[INFO] [1781179858.682012]: ArUco: Published 1 detection(s) out of 1 detected markers
[INFO] [1781179858.682216]: AR Detection received: distance=0.151 m, bearing=0.012 rad
[INFO] [1781179858.702360]: ArUco: Detected 1 marker(s) in frame 1060
[INFO] [1781179858.728439]: ArUco: Published 1 detection(s) out of 1 detected markers
[INFO] [1781179858.728677]: AR Detection received: distance=0.151 m, bearing=0.013 rad
[INFO] [1781179858.759604]: ArUco: Detected 1 marker(s) in frame 1061
[INFO] [1781179858.786430]: ArUco: Published 1 detection(s) out of 1 detected markers
[INFO] [1781179858.786731]: AR Detection received: distance=0.152 m, bearing=0.012 rad
[INFO] [1781179858.804760]: ArUco: Detected 1 marker(s) in frame 1062
[INFO] [1781179858.833882]: ArUco: Published 1 detection(s) out of 1 detected markers
[INFO] [1781179858.834064]: AR Detection received: distance=0.152 m, bearing=0.012 rad
[INFO] [1781179858.863426]: ArUco: Detected 1 marker(s) in frame 1063
[INFO] [1781179858.888381]: ArUco: Published 1 detection(s) out of 1 detected markers
[INFO] [1781179858.888728]: AR Detection received: distance=0.151 m, bearing=0.010 rad
[INFO] [1781179858.907543]: ArUco: Detected 1 marker(s) in frame 1064
[INFO] [1781179858.982724]: ArUco: Published 1 detection(s) out of 1 detected markers
[INFO] [1781179858.983120]: AR Detection received: distance=0.152 m, bearing=0.012 rad
[INFO] [1781179859.012473]: ArUco: Detected 1 marker(s) in frame 1065
[INFO] [1781179859.030623]: ArUco: Published 1 detection(s) out of 1 detected markers
[INFO] [1781179859.031690]: AR Detection received: distance=0.152 m, bearing=0.011 rad
[INFO] [1781179859.058775]: ArUco: Detected 1 marker(s) in frame 1066
[INFO] [1781179859.072895]: ArUco: Published 1 detection(s) out of 1 detected markers
[INFO] [1781179859.073303]: AR Detection received: distance=0.152 m, bearing=0.012 rad
[INFO] [1781179859.107478]: ArUco: Detected 1 marker(s) in frame 1067
[INFO] [1781179859.130914]: ArUco: Published 1 detection(s) out of 1 detected markers
[INFO] [1781179859.131036]: AR Detection received: distance=0.152 m, bearing=0.012 rad
[INFO] [1781179859.161414]: ArUco: Detected 1 marker(s) in frame 1068
[INFO] [1781179859.181746]: ArUco: Published 1 detection(s) out of 1 detected markers
[INFO] [1781179859.181941]: AR Detection received: distance=0.152 m, bearing=0.012 rad
[INFO] [1781179859.200039]: ArUco: Detected 1 marker(s) in frame 1069
[INFO] [1781179859.227229]: ArUco: Published 1 detection(s) out of 1 detected markers
[INFO] [1781179859.227717]: AR Detection received: distance=0.152 m, bearing=0.012 rad
[INFO] [1781179859.254036]: ArUco: Detected 1 marker(s) in frame 1070
[INFO] [1781179859.268695]: ArUco: Published 1 detection(s) out of 1 detected markers
[INFO] [1781179859.269197]: AR Detection received: distance=0.151 m, bearing=0.013 rad
[INFO] [1781179859.300760]: ArUco: Detected 1 marker(s) in frame 1071
[INFO] [1781179859.326734]: ArUco: Published 1 detection(s) out of 1 detected markers
[INFO] [1781179859.327982]: AR Detection received: distance=0.151 m, bearing=0.013 rad
[INFO] [1781179859.352813]: ArUco: Detected 1 marker(s) in frame 1072
[INFO] [1781179859.366738]: ArUco: Published 1 detection(s) out of 1 detected markers
[INFO] [1781179859.367003]: AR Detection received: distance=0.151 m, bearing=0.013 rad
[INFO] [1781179859.398003]: ArUco: Detected 1 marker(s) in frame 1073
[INFO] [1781179859.423143]: ArUco: Published 1 detection(s) out of 1 detected markers
[INFO] [1781179859.423604]: AR Detection received: distance=0.152 m, bearing=0.012 rad
[INFO] [1781179859.454470]: ArUco: Detected 1 marker(s) in frame 1074
[INFO] [1781179859.468458]: ArUco: Published 1 detection(s) out of 1 detected markers
[INFO] [1781179859.468707]: AR Detection received: distance=0.151 m, bearing=0.013 rad
[INFO] [1781179859.501507]: ArUco: Detected 1 marker(s) in frame 1075
[INFO] [1781179859.524811]: ArUco: Published 1 detection(s) out of 1 detected markers
[INFO] [1781179859.525045]: AR Detection received: distance=0.151 m, bearing=0.013 rad
[INFO] [1781179859.555278]: ArUco: Detected 1 marker(s) in frame 1076
[INFO] [1781179859.581635]: ArUco: Published 1 detection(s) out of 1 detected markers
[INFO] [1781179859.582301]: AR Detection received: distance=0.151 m, bearing=0.013 rad
[INFO] [1781179859.599578]: ArUco: Detected 1 marker(s) in frame 1077
[INFO] [1781179859.620844]: ArUco: Published 1 detection(s) out of 1 detected markers
[INFO] [1781179859.621102]: AR Detection received: distance=0.151 m, bearing=0.013 rad
[INFO] [1781179859.655367]: ArUco: Detected 1 marker(s) in frame 1078
[INFO] [1781179859.668128]: ArUco: Published 1 detection(s) out of 1 detected markers
[INFO] [1781179859.668501]: AR Detection received: distance=0.152 m, bearing=0.012 rad
[INFO] [1781179859.703156]: ArUco: Detected 1 marker(s) in frame 1079
[INFO] [1781179859.725482]: ArUco: Published 1 detection(s) out of 1 detected markers
[INFO] [1781179859.725714]: AR Detection received: distance=0.152 m, bearing=0.012 rad
[INFO] [1781179859.762070]: ArUco: Detected 1 marker(s) in frame 1080
[INFO] [1781179859.788227]: ArUco: Published 1 detection(s) out of 1 detected markers
[INFO] [1781179859.788612]: AR Detection received: distance=0.151 m, bearing=0.013 rad
[INFO] [1781179859.823680]: ArUco: Detected 1 marker(s) in frame 1081
[INFO] [1781179859.848630]: ArUco: Published 1 detection(s) out of 1 detected markers
[INFO] [1781179859.848836]: AR Detection received: distance=0.152 m, bearing=0.012 rad
[INFO] [1781179859.871945]: ArUco: Detected 1 marker(s) in frame 1082
[INFO] [1781179859.896203]: ArUco: Published 1 detection(s) out of 1 detected markers
[INFO] [1781179859.896610]: AR Detection received: distance=0.152 m, bearing=0.012 rad
[INFO] [1781179859.928316]: ArUco: Detected 1 marker(s) in frame 1083
[INFO] [1781179859.957626]: ArUco: Published 1 detection(s) out of 1 detected markers
[INFO] [1781179859.958099]: AR Detection received: distance=0.152 m, bearing=0.012 rad
[INFO] [1781179859.990000]: ArUco: Detected 1 marker(s) in frame 1084
[INFO] [1781179860.001962]: ArUco: Published 1 detection(s) out of 1 detected markers
[INFO] [1781179860.002340]: AR Detection received: distance=0.152 m, bearing=0.012 rad
[INFO] [1781179860.029813]: ArUco: Detected 1 marker(s) in frame 1085
[INFO] [1781179860.060616]: ArUco: Published 1 detection(s) out of 1 detected markers
[INFO] [1781179860.060894]: AR Detection received: distance=0.151 m, bearing=0.013 rad
[INFO] [1781179860.106937]: ArUco: Detected 1 marker(s) in frame 1086
[INFO] [1781179860.129214]: ArUco: Published 1 detection(s) out of 1 detected markers
[INFO] [1781179860.129420]: AR Detection received: distance=0.151 m, bearing=0.013 rad
[INFO] [1781179860.163109]: ArUco: Detected 1 marker(s) in frame 1087
[INFO] [1781179860.186681]: ArUco: Published 1 detection(s) out of 1 detected markers
[INFO] [1781179860.187694]: AR Detection received: distance=0.151 m, bearing=0.013 rad
[INFO] [1781179860.204475]: ArUco: Detected 1 marker(s) in frame 1088
[INFO] [1781179860.291769]: ArUco: Published 1 detection(s) out of 1 detected markers
[INFO] [1781179860.292514]: AR Detection received: distance=0.152 m, bearing=0.012 rad
[INFO] [1781179860.330458]: ArUco: Detected 1 marker(s) in frame 1089
[INFO] [1781179860.365274]: ArUco: Published 1 detection(s) out of 1 detected markers
[INFO] [1781179860.365380]: AR Detection received: distance=0.152 m, bearing=0.012 rad
[INFO] [1781179860.420721]: ArUco: Detected 1 marker(s) in frame 1090
[INFO] [1781179860.431902]: ArUco: Published 1 detection(s) out of 1 detected markers
[INFO] [1781179860.432272]: AR Detection received: distance=0.151 m, bearing=0.013 rad
[INFO] [1781179860.464100]: ArUco: Detected 1 marker(s) in frame 1091
[INFO] [1781179860.492640]: ArUco: Published 1 detection(s) out of 1 detected markers
[INFO] [1781179860.492750]: AR Detection received: distance=0.151 m, bearing=0.013 rad
[INFO] [1781179860.519428]: ArUco: Detected 1 marker(s) in frame 1092
[INFO] [1781179860.533903]: ArUco: Published 1 detection(s) out of 1 detected markers
[INFO] [1781179860.534161]: AR Detection received: distance=0.152 m, bearing=0.012 rad
[INFO] [1781179860.569568]: ArUco: Detected 1 marker(s) in frame 1093
[INFO] [1781179860.619946]: ArUco: Published 1 detection(s) out of 1 detected markers
[INFO] [1781179860.620171]: AR Detection received: distance=0.151 m, bearing=0.013 rad
[INFO] [1781179860.654364]: ArUco: Detected 1 marker(s) in frame 1094
[INFO] [1781179860.666999]: ArUco: Published 1 detection(s) out of 1 detected markers
[INFO] [1781179860.667232]: AR Detection received: distance=0.152 m, bearing=0.012 rad
[INFO] [1781179860.702918]: ArUco: Detected 1 marker(s) in frame 1095
[INFO] [1781179860.727375]: ArUco: Published 1 detection(s) out of 1 detected markers
[INFO] [1781179860.727674]: AR Detection received: distance=0.152 m, bearing=0.012 rad
[INFO] [1781179860.761886]: ArUco: Detected 1 marker(s) in frame 1096
[INFO] [1781179860.789759]: ArUco: Published 1 detection(s) out of 1 detected markers
[INFO] [1781179860.789987]: AR Detection received: distance=0.152 m, bearing=0.012 rad
[INFO] [1781179860.826218]: ArUco: Detected 1 marker(s) in frame 1097
[INFO] [1781179860.848501]: ArUco: Published 1 detection(s) out of 1 detected markers
[INFO] [1781179860.848695]: AR Detection received: distance=0.152 m, bearing=0.012 rad
[INFO] [1781179860.868324]: ArUco: Detected 1 marker(s) in frame 1098
[INFO] [1781179860.892000]: ArUco: Published 1 detection(s) out of 1 detected markers
[INFO] [1781179860.892226]: AR Detection received: distance=0.152 m, bearing=0.012 rad
[INFO] [1781179860.924168]: ArUco: Detected 1 marker(s) in frame 1099
[INFO] [1781179860.953059]: ArUco: Published 1 detection(s) out of 1 detected markers
[INFO] [1781179860.953144]: AR Detection received: distance=0.152 m, bearing=0.012 rad
[INFO] [1781179860.989895]: ArUco: Detected 1 marker(s) in frame 1100
[INFO] [1781179861.012635]: ArUco: Published 1 detection(s) out of 1 detected markers
[INFO] [1781179861.012721]: AR Detection received: distance=0.151 m, bearing=0.013 rad
[INFO] [1781179861.039186]: ArUco: Detected 1 marker(s) in frame 1101
[INFO] [1781179861.062121]: ArUco: Published 1 detection(s) out of 1 detected markers
[INFO] [1781179861.062737]: AR Detection received: distance=0.152 m, bearing=0.012 rad
[INFO] [1781179861.093056]: ArUco: Detected 1 marker(s) in frame 1102
[INFO] [1781179861.122707]: ArUco: Published 1 detection(s) out of 1 detected markers
[INFO] [1781179861.122931]: AR Detection received: distance=0.152 m, bearing=0.011 rad
[INFO] [1781179861.156646]: ArUco: Detected 1 marker(s) in frame 1103
[INFO] [1781179861.186548]: ArUco: Published 1 detection(s) out of 1 detected markers
[INFO] [1781179861.186754]: AR Detection received: distance=0.152 m, bearing=0.012 rad
[INFO] [1781179861.207859]: ArUco: Detected 1 marker(s) in frame 1104
[INFO] [1781179861.233457]: ArUco: Published 1 detection(s) out of 1 detected markers
[INFO] [1781179861.233657]: AR Detection received: distance=0.152 m, bearing=0.012 rad
[INFO] [1781179861.264139]: ArUco: Detected 1 marker(s) in frame 1105
[INFO] [1781179861.291428]: ArUco: Published 1 detection(s) out of 1 detected markers
[INFO] [1781179861.291656]: AR Detection received: distance=0.152 m, bearing=0.012 rad
[INFO] [1781179861.323740]: ArUco: Detected 1 marker(s) in frame 1106
[INFO] [1781179861.341450]: ArUco: Published 1 detection(s) out of 1 detected markers
[INFO] [1781179861.341657]: AR Detection received: distance=0.152 m, bearing=0.012 rad
[INFO] [1781179861.390415]: ArUco: Detected 1 marker(s) in frame 1107
[INFO] [1781179861.422936]: ArUco: Published 1 detection(s) out of 1 detected markers
[INFO] [1781179861.423422]: AR Detection received: distance=0.152 m, bearing=0.012 rad
[INFO] [1781179861.483243]: ArUco: Detected 1 marker(s) in frame 1108
[INFO] [1781179861.518982]: ArUco: Published 1 detection(s) out of 1 detected markers
[INFO] [1781179861.519213]: AR Detection received: distance=0.152 m, bearing=0.012 rad
[INFO] [1781179861.536213]: ArUco: Detected 1 marker(s) in frame 1109
[INFO] [1781179861.565105]: ArUco: Published 1 detection(s) out of 1 detected markers
[INFO] [1781179861.565311]: AR Detection received: distance=0.151 m, bearing=0.013 rad
[INFO] [1781179861.597990]: ArUco: Detected 1 marker(s) in frame 1110
[INFO] [1781179861.627192]: ArUco: Published 1 detection(s) out of 1 detected markers
[INFO] [1781179861.627708]: AR Detection received: distance=0.151 m, bearing=0.012 rad
[INFO] [1781179861.654582]: ArUco: Detected 1 marker(s) in frame 1111
[INFO] [1781179861.688406]: ArUco: Published 1 detection(s) out of 1 detected markers
[INFO] [1781179861.688874]: AR Detection received: distance=0.152 m, bearing=0.012 rad
[INFO] [1781179861.721042]: ArUco: Detected 1 marker(s) in frame 1112
[INFO] [1781179861.747006]: ArUco: Published 1 detection(s) out of 1 detected markers
[INFO] [1781179861.747388]: AR Detection received: distance=0.152 m, bearing=0.012 rad
[INFO] [1781179861.765010]: ArUco: Detected 1 marker(s) in frame 1113
[INFO] [1781179861.793865]: ArUco: Published 1 detection(s) out of 1 detected markers
[INFO] [1781179861.794077]: AR Detection received: distance=0.152 m, bearing=0.012 rad
[INFO] [1781179861.821970]: ArUco: Detected 1 marker(s) in frame 1114
[INFO] [1781179861.833750]: ArUco: Published 1 detection(s) out of 1 detected markers
[INFO] [1781179861.833944]: AR Detection received: distance=0.151 m, bearing=0.013 rad
[INFO] [1781179861.861836]: ArUco: Detected 1 marker(s) in frame 1115
[INFO] [1781179861.909571]: ArUco: Published 1 detection(s) out of 1 detected markers
[INFO] [1781179861.909840]: AR Detection received: distance=0.152 m, bearing=0.012 rad
[INFO] [1781179861.941247]: ArUco: Detected 1 marker(s) in frame 1116
[INFO] [1781179861.958803]: ArUco: Published 1 detection(s) out of 1 detected markers
[INFO] [1781179861.959007]: AR Detection received: distance=0.152 m, bearing=0.012 rad
[INFO] [1781179861.992352]: ArUco: Detected 1 marker(s) in frame 1117
[INFO] [1781179862.022718]: ArUco: Published 1 detection(s) out of 1 detected markers
[INFO] [1781179862.022962]: AR Detection received: distance=0.152 m, bearing=0.012 rad
[INFO] [1781179862.062133]: ArUco: Detected 1 marker(s) in frame 1118
[INFO] [1781179862.095586]: ArUco: Published 1 detection(s) out of 1 detected markers
[INFO] [1781179862.095928]: AR Detection received: distance=0.152 m, bearing=0.012 rad
[INFO] [1781179862.120303]: ArUco: Detected 1 marker(s) in frame 1119
[INFO] [1781179862.146129]: ArUco: Published 1 detection(s) out of 1 detected markers
[INFO] [1781179862.146339]: AR Detection received: distance=0.152 m, bearing=0.012 rad
[INFO] [1781179862.162439]: ArUco: Detected 1 marker(s) in frame 1120
[INFO] [1781179862.188430]: ArUco: Published 1 detection(s) out of 1 detected markers
[INFO] [1781179862.188800]: AR Detection received: distance=0.152 m, bearing=0.012 rad
[INFO] [1781179862.207186]: ArUco: Detected 1 marker(s) in frame 1121
[INFO] [1781179862.225507]: ArUco: Published 1 detection(s) out of 1 detected markers
[INFO] [1781179862.225569]: AR Detection received: distance=0.152 m, bearing=0.012 rad
[INFO] [1781179862.262743]: ArUco: Detected 1 marker(s) in frame 1122
[INFO] [1781179862.290829]: ArUco: Published 1 detection(s) out of 1 detected markers
[INFO] [1781179862.291185]: AR Detection received: distance=0.152 m, bearing=0.012 rad
[INFO] [1781179862.324423]: ArUco: Detected 1 marker(s) in frame 1123
[INFO] [1781179862.347289]: ArUco: Published 1 detection(s) out of 1 detected markers
[INFO] [1781179862.347504]: AR Detection received: distance=0.152 m, bearing=0.012 rad
[INFO] [1781179862.372477]: ArUco: Detected 1 marker(s) in frame 1124
[INFO] [1781179862.416696]: ArUco: Published 1 detection(s) out of 1 detected markers
[INFO] [1781179862.417093]: AR Detection received: distance=0.152 m, bearing=0.012 rad
[INFO] [1781179862.432541]: ArUco: Detected 1 marker(s) in frame 1125
[INFO] [1781179862.461010]: ArUco: Published 1 detection(s) out of 1 detected markers
[INFO] [1781179862.461246]: AR Detection received: distance=0.152 m, bearing=0.012 rad
[INFO] [1781179862.487566]: ArUco: Detected 1 marker(s) in frame 1126
[INFO] [1781179862.517506]: ArUco: Published 1 detection(s) out of 1 detected markers
[INFO] [1781179862.517700]: AR Detection received: distance=0.151 m, bearing=0.013 rad
[INFO] [1781179862.533990]: ArUco: Detected 1 marker(s) in frame 1127
[INFO] [1781179862.587874]: ArUco: Published 1 detection(s) out of 1 detected markers
[INFO] [1781179862.588220]: AR Detection received: distance=0.152 m, bearing=0.012 rad
[INFO] [1781179862.627349]: ArUco: Detected 1 marker(s) in frame 1128
[INFO] [1781179862.689628]: ArUco: Published 1 detection(s) out of 1 detected markers
[INFO] [1781179862.689990]: AR Detection received: distance=0.152 m, bearing=0.012 rad
[INFO] [1781179862.727891]: ArUco: Detected 1 marker(s) in frame 1129
[INFO] [1781179862.752483]: ArUco: Published 1 detection(s) out of 1 detected markers
[INFO] [1781179862.752835]: AR Detection received: distance=0.152 m, bearing=0.012 rad
[INFO] [1781179862.792131]: ArUco: Detected 1 marker(s) in frame 1130
[INFO] [1781179862.822762]: ArUco: Published 1 detection(s) out of 1 detected markers
[INFO] [1781179862.823236]: AR Detection received: distance=0.152 m, bearing=0.012 rad
[INFO] [1781179862.859912]: ArUco: Detected 1 marker(s) in frame 1131
[INFO] [1781179862.880458]: ArUco: Published 1 detection(s) out of 1 detected markers
[INFO] [1781179862.880837]: AR Detection received: distance=0.151 m, bearing=0.013 rad
[INFO] [1781179862.900755]: ArUco: Detected 1 marker(s) in frame 1132
[INFO] [1781179862.928954]: ArUco: Published 1 detection(s) out of 1 detected markers
[INFO] [1781179862.929175]: AR Detection received: distance=0.152 m, bearing=0.012 rad
[INFO] [1781179862.961769]: ArUco: Detected 1 marker(s) in frame 1133
[INFO] [1781179862.995188]: ArUco: Published 1 detection(s) out of 1 detected markers
[INFO] [1781179862.995436]: AR Detection received: distance=0.151 m, bearing=0.013 rad
[INFO] [1781179863.026525]: ArUco: Detected 1 marker(s) in frame 1134
[INFO] [1781179863.056659]: ArUco: Published 1 detection(s) out of 1 detected markers
[INFO] [1781179863.056880]: AR Detection received: distance=0.151 m, bearing=0.013 rad
[INFO] [1781179863.088363]: ArUco: Detected 1 marker(s) in frame 1135
[INFO] [1781179863.119544]: ArUco: Published 1 detection(s) out of 1 detected markers
[INFO] [1781179863.119762]: AR Detection received: distance=0.152 m, bearing=0.012 rad
[INFO] [1781179863.139070]: ArUco: Detected 1 marker(s) in frame 1136
[INFO] [1781179863.195763]: ArUco: Published 1 detection(s) out of 1 detected markers
[INFO] [1781179863.196208]: AR Detection received: distance=0.152 m, bearing=0.012 rad
[INFO] [1781179863.226919]: ArUco: Detected 1 marker(s) in frame 1137
[INFO] [1781179863.257253]: ArUco: Published 1 detection(s) out of 1 detected markers
[INFO] [1781179863.257739]: AR Detection received: distance=0.151 m, bearing=0.013 rad
[INFO] [1781179863.290103]: ArUco: Detected 1 marker(s) in frame 1138
[INFO] [1781179863.323669]: ArUco: Published 1 detection(s) out of 1 detected markers
[INFO] [1781179863.323963]: AR Detection received: distance=0.152 m, bearing=0.012 rad
[INFO] [1781179863.350754]: ArUco: Detected 1 marker(s) in frame 1139
[INFO] [1781179863.380990]: ArUco: Published 1 detection(s) out of 1 detected markers
[INFO] [1781179863.381375]: AR Detection received: distance=0.152 m, bearing=0.012 rad
[INFO] [1781179863.405914]: ArUco: Detected 1 marker(s) in frame 1140
[INFO] [1781179863.430153]: ArUco: Published 1 detection(s) out of 1 detected markers
[INFO] [1781179863.430670]: AR Detection received: distance=0.152 m, bearing=0.012 rad
[INFO] [1781179863.459718]: ArUco: Detected 1 marker(s) in frame 1141
[INFO] [1781179863.482708]: ArUco: Published 1 detection(s) out of 1 detected markers
[INFO] [1781179863.482991]: AR Detection received: distance=0.152 m, bearing=0.012 rad
[INFO] [1781179863.502945]: ArUco: Detected 1 marker(s) in frame 1142
[INFO] [1781179863.531903]: ArUco: Published 1 detection(s) out of 1 detected markers
[INFO] [1781179863.532102]: AR Detection received: distance=0.152 m, bearing=0.012 rad
[INFO] [1781179863.562271]: ArUco: Detected 1 marker(s) in frame 1143
[INFO] [1781179863.585317]: ArUco: Published 1 detection(s) out of 1 detected markers
[INFO] [1781179863.585640]: AR Detection received: distance=0.152 m, bearing=0.012 rad
[INFO] [1781179863.603352]: ArUco: Detected 1 marker(s) in frame 1144
[INFO] [1781179863.633733]: ArUco: Published 1 detection(s) out of 1 detected markers
[INFO] [1781179863.634558]: AR Detection received: distance=0.152 m, bearing=0.012 rad
[INFO] [1781179863.663787]: ArUco: Detected 1 marker(s) in frame 1145
[INFO] [1781179863.693448]: ArUco: Published 1 detection(s) out of 1 detected markers
[INFO] [1781179863.693709]: AR Detection received: distance=0.152 m, bearing=0.012 rad
[INFO] [1781179863.718243]: ArUco: Detected 1 marker(s) in frame 1146
[INFO] [1781179863.735365]: ArUco: Published 1 detection(s) out of 1 detected markers
[INFO] [1781179863.735688]: AR Detection received: distance=0.152 m, bearing=0.012 rad
[INFO] [1781179863.764534]: ArUco: Detected 1 marker(s) in frame 1147
[INFO] [1781179863.792828]: ArUco: Published 1 detection(s) out of 1 detected markers
[INFO] [1781179863.793184]: AR Detection received: distance=0.152 m, bearing=0.012 rad
[INFO] [1781179863.821645]: ArUco: Detected 1 marker(s) in frame 1148
[INFO] [1781179863.854309]: ArUco: Published 1 detection(s) out of 1 detected markers
[INFO] [1781179863.854558]: AR Detection received: distance=0.152 m, bearing=0.012 rad
[INFO] [1781179863.887087]: ArUco: Detected 1 marker(s) in frame 1149
[INFO] [1781179863.901127]: ArUco: Published 1 detection(s) out of 1 detected markers
[INFO] [1781179863.901204]: AR Detection received: distance=0.152 m, bearing=0.012 rad
[INFO] [1781179863.938712]: ArUco: Detected 1 marker(s) in frame 1150
[INFO] [1781179863.959034]: ArUco: Published 1 detection(s) out of 1 detected markers
[INFO] [1781179863.959243]: AR Detection received: distance=0.152 m, bearing=0.012 rad
[INFO] [1781179864.020505]: ArUco: Detected 1 marker(s) in frame 1151
[INFO] [1781179864.059345]: ArUco: Published 1 detection(s) out of 1 detected markers
[INFO] [1781179864.059691]: AR Detection received: distance=0.152 m, bearing=0.012 rad
[INFO] [1781179864.094710]: ArUco: Detected 1 marker(s) in frame 1152
[INFO] [1781179864.123342]: ArUco: Published 1 detection(s) out of 1 detected markers
[INFO] [1781179864.123728]: AR Detection received: distance=0.152 m, bearing=0.012 rad
[INFO] [1781179864.154505]: ArUco: Detected 1 marker(s) in frame 1153
[INFO] [1781179864.166887]: ArUco: Published 1 detection(s) out of 1 detected markers
[INFO] [1781179864.167145]: AR Detection received: distance=0.152 m, bearing=0.012 rad
[INFO] [1781179864.199293]: ArUco: Detected 1 marker(s) in frame 1154
[INFO] [1781179864.225543]: ArUco: Published 1 detection(s) out of 1 detected markers
[INFO] [1781179864.225739]: AR Detection received: distance=0.152 m, bearing=0.012 rad
[INFO] [1781179864.254850]: ArUco: Detected 1 marker(s) in frame 1155
[INFO] [1781179864.266784]: ArUco: Published 1 detection(s) out of 1 detected markers
[INFO] [1781179864.266914]: AR Detection received: distance=0.152 m, bearing=0.012 rad
[INFO] [1781179864.302410]: ArUco: Detected 1 marker(s) in frame 1156
[INFO] [1781179864.328275]: ArUco: Published 1 detection(s) out of 1 detected markers
[INFO] [1781179864.328536]: AR Detection received: distance=0.152 m, bearing=0.012 rad
[INFO] [1781179864.365023]: ArUco: Detected 1 marker(s) in frame 1157
[INFO] [1781179864.390051]: ArUco: Published 1 detection(s) out of 1 detected markers
[INFO] [1781179864.390269]: AR Detection received: distance=0.152 m, bearing=0.012 rad
[INFO] [1781179864.417595]: ArUco: Detected 1 marker(s) in frame 1158
[INFO] [1781179864.454659]: ArUco: Published 1 detection(s) out of 1 detected markers
[INFO] [1781179864.455163]: AR Detection received: distance=0.152 m, bearing=0.012 rad
[INFO] [1781179864.486885]: ArUco: Detected 1 marker(s) in frame 1159
[INFO] [1781179864.501550]: ArUco: Published 1 detection(s) out of 1 detected markers
[INFO] [1781179864.501652]: AR Detection received: distance=0.152 m, bearing=0.012 rad
[INFO] [1781179864.531780]: ArUco: Detected 1 marker(s) in frame 1160
[INFO] [1781179864.562961]: ArUco: Published 1 detection(s) out of 1 detected markers
[INFO] [1781179864.563182]: AR Detection received: distance=0.152 m, bearing=0.012 rad
[INFO] [1781179864.596841]: ArUco: Detected 1 marker(s) in frame 1161
[INFO] [1781179864.625255]: ArUco: Published 1 detection(s) out of 1 detected markers
[INFO] [1781179864.625481]: AR Detection received: distance=0.152 m, bearing=0.012 rad
[INFO] [1781179864.666736]: ArUco: Detected 1 marker(s) in frame 1162
[INFO] [1781179864.695095]: ArUco: Published 1 detection(s) out of 1 detected markers
[INFO] [1781179864.695322]: AR Detection received: distance=0.152 m, bearing=0.012 rad
[INFO] [1781179864.725951]: ArUco: Detected 1 marker(s) in frame 1163
[INFO] [1781179864.753834]: ArUco: Published 1 detection(s) out of 1 detected markers
[INFO] [1781179864.753920]: AR Detection received: distance=0.152 m, bearing=0.012 rad
[INFO] [1781179864.780351]: ArUco: Detected 1 marker(s) in frame 1164
[INFO] [1781179864.796424]: ArUco: Published 1 detection(s) out of 1 detected markers
[INFO] [1781179864.796662]: AR Detection received: distance=0.151 m, bearing=0.013 rad
[INFO] [1781179864.827490]: ArUco: Detected 1 marker(s) in frame 1165
[INFO] [1781179864.854913]: ArUco: Published 1 detection(s) out of 1 detected markers
[INFO] [1781179864.855154]: AR Detection received: distance=0.152 m, bearing=0.012 rad
[INFO] [1781179864.885243]: ArUco: Detected 1 marker(s) in frame 1166
[INFO] [1781179864.915776]: ArUco: Published 1 detection(s) out of 1 detected markers
[INFO] [1781179864.916059]: AR Detection received: distance=0.152 m, bearing=0.012 rad
[INFO] [1781179864.931503]: ArUco: Detected 1 marker(s) in frame 1167
[INFO] [1781179864.957726]: ArUco: Published 1 detection(s) out of 1 detected markers
[INFO] [1781179864.957966]: AR Detection received: distance=0.152 m, bearing=0.012 rad
[INFO] [1781179864.985420]: ArUco: Detected 1 marker(s) in frame 1168
[INFO] [1781179864.999134]: ArUco: Published 1 detection(s) out of 1 detected markers
[INFO] [1781179864.999664]: AR Detection received: distance=0.152 m, bearing=0.012 rad
[INFO] [1781179865.029860]: ArUco: Detected 1 marker(s) in frame 1169
[INFO] [1781179865.058644]: ArUco: Published 1 detection(s) out of 1 detected markers
[INFO] [1781179865.058747]: AR Detection received: distance=0.152 m, bearing=0.012 rad
[INFO] [1781179865.086092]: ArUco: Detected 1 marker(s) in frame 1170
[INFO] [1781179865.114179]: ArUco: Published 1 detection(s) out of 1 detected markers
[INFO] [1781179865.114475]: AR Detection received: distance=0.152 m, bearing=0.012 rad
[INFO] [1781179865.132316]: ArUco: Detected 1 marker(s) in frame 1171
[INFO] [1781179865.162527]: ArUco: Published 1 detection(s) out of 1 detected markers
[INFO] [1781179865.162769]: AR Detection received: distance=0.152 m, bearing=0.012 rad
[INFO] [1781179865.224270]: ArUco: Detected 1 marker(s) in frame 1172
[INFO] [1781179865.247145]: ArUco: Published 1 detection(s) out of 1 detected markers
[INFO] [1781179865.247231]: AR Detection received: distance=0.151 m, bearing=0.013 rad
[INFO] [1781179865.264217]: ArUco: Detected 1 marker(s) in frame 1173
[INFO] [1781179865.288811]: ArUco: Published 1 detection(s) out of 1 detected markers
[INFO] [1781179865.289193]: AR Detection received: distance=0.152 m, bearing=0.012 rad
[INFO] [1781179865.322551]: ArUco: Detected 1 marker(s) in frame 1174
[INFO] [1781179865.334023]: ArUco: Published 1 detection(s) out of 1 detected markers
[INFO] [1781179865.334273]: AR Detection received: distance=0.152 m, bearing=0.012 rad
[INFO] [1781179865.371127]: ArUco: Detected 1 marker(s) in frame 1175
[INFO] [1781179865.394388]: ArUco: Published 1 detection(s) out of 1 detected markers
[INFO] [1781179865.394583]: AR Detection received: distance=0.152 m, bearing=0.012 rad
[INFO] [1781179865.431107]: ArUco: Detected 1 marker(s) in frame 1176
[INFO] [1781179865.455915]: ArUco: Published 1 detection(s) out of 1 detected markers
[INFO] [1781179865.456139]: AR Detection received: distance=0.152 m, bearing=0.012 rad
[INFO] [1781179865.493547]: ArUco: Detected 1 marker(s) in frame 1177
[INFO] [1781179865.524535]: ArUco: Published 1 detection(s) out of 1 detected markers
[INFO] [1781179865.524846]: AR Detection received: distance=0.152 m, bearing=0.012 rad
[INFO] [1781179865.553905]: ArUco: Detected 1 marker(s) in frame 1178
[INFO] [1781179865.567221]: ArUco: Published 1 detection(s) out of 1 detected markers
[INFO] [1781179865.567480]: AR Detection received: distance=0.152 m, bearing=0.012 rad
[INFO] [1781179865.603892]: ArUco: Detected 1 marker(s) in frame 1179
[INFO] [1781179865.630961]: ArUco: Published 1 detection(s) out of 1 detected markers
[INFO] [1781179865.631184]: AR Detection received: distance=0.152 m, bearing=0.012 rad
[INFO] [1781179865.662728]: ArUco: Detected 1 marker(s) in frame 1180
[INFO] [1781179865.690635]: ArUco: Published 1 detection(s) out of 1 detected markers
[INFO] [1781179865.690903]: AR Detection received: distance=0.152 m, bearing=0.012 rad
[INFO] [1781179865.727564]: ArUco: Detected 1 marker(s) in frame 1181
[INFO] [1781179865.753995]: ArUco: Published 1 detection(s) out of 1 detected markers
[INFO] [1781179865.754186]: AR Detection received: distance=0.151 m, bearing=0.013 rad
[INFO] [1781179865.770456]: ArUco: Detected 1 marker(s) in frame 1182
[INFO] [1781179865.797132]: ArUco: Published 1 detection(s) out of 1 detected markers
[INFO] [1781179865.797344]: AR Detection received: distance=0.152 m, bearing=0.012 rad
[INFO] [1781179865.828932]: ArUco: Detected 1 marker(s) in frame 1183
[INFO] [1781179865.848236]: ArUco: Published 1 detection(s) out of 1 detected markers
[INFO] [1781179865.848470]: AR Detection received: distance=0.152 m, bearing=0.012 rad
[INFO] [1781179865.899663]: ArUco: Detected 1 marker(s) in frame 1184
[INFO] [1781179865.925264]: ArUco: Published 1 detection(s) out of 1 detected markers
[INFO] [1781179865.925443]: AR Detection received: distance=0.152 m, bearing=0.012 rad
[INFO] [1781179865.957412]: ArUco: Detected 1 marker(s) in frame 1185
[INFO] [1781179865.974368]: ArUco: Published 1 detection(s) out of 1 detected markers
[INFO] [1781179865.974585]: AR Detection received: distance=0.152 m, bearing=0.012 rad
[INFO] [1781179866.000774]: ArUco: Detected 1 marker(s) in frame 1186
[INFO] [1781179866.030738]: ArUco: Published 1 detection(s) out of 1 detected markers
[INFO] [1781179866.031084]: AR Detection received: distance=0.152 m, bearing=0.012 rad
[INFO] [1781179866.060564]: ArUco: Detected 1 marker(s) in frame 1187
[INFO] [1781179866.084401]: ArUco: Published 1 detection(s) out of 1 detected markers
[INFO] [1781179866.084637]: AR Detection received: distance=0.152 m, bearing=0.012 rad
[INFO] [1781179866.102117]: ArUco: Detected 1 marker(s) in frame 1188
[INFO] [1781179866.134317]: ArUco: Published 1 detection(s) out of 1 detected markers
[INFO] [1781179866.134660]: AR Detection received: distance=0.152 m, bearing=0.011 rad
[INFO] [1781179866.162668]: ArUco: Detected 1 marker(s) in frame 1189
[INFO] [1781179866.191263]: ArUco: Published 1 detection(s) out of 1 detected markers
[INFO] [1781179866.191476]: AR Detection received: distance=0.152 m, bearing=0.012 rad
[INFO] [1781179866.221615]: ArUco: Detected 1 marker(s) in frame 1190
[INFO] [1781179866.248522]: ArUco: Published 1 detection(s) out of 1 detected markers
[INFO] [1781179866.248763]: AR Detection received: distance=0.152 m, bearing=0.012 rad
[INFO] [1781179866.269059]: ArUco: Detected 1 marker(s) in frame 1191
[INFO] [1781179866.296206]: ArUco: Published 1 detection(s) out of 1 detected markers
[INFO] [1781179866.296417]: AR Detection received: distance=0.152 m, bearing=0.012 rad
[INFO] [1781179866.322662]: ArUco: Detected 1 marker(s) in frame 1192
[INFO] [1781179866.348747]: ArUco: Published 1 detection(s) out of 1 detected markers
[INFO] [1781179866.348840]: AR Detection received: distance=0.152 m, bearing=0.012 rad
[INFO] [1781179866.366709]: ArUco: Detected 1 marker(s) in frame 1193
[INFO] [1781179866.400445]: ArUco: Published 1 detection(s) out of 1 detected markers
[INFO] [1781179866.400658]: AR Detection received: distance=0.152 m, bearing=0.012 rad
[INFO] [1781179866.429729]: ArUco: Detected 1 marker(s) in frame 1194
[INFO] [1781179866.454342]: ArUco: Published 1 detection(s) out of 1 detected markers
[INFO] [1781179866.454556]: AR Detection received: distance=0.152 m, bearing=0.012 rad
[INFO] [1781179866.477428]: ArUco: Detected 1 marker(s) in frame 1195
[INFO] [1781179866.549853]: ArUco: Published 1 detection(s) out of 1 detected markers
[INFO] [1781179866.550403]: AR Detection received: distance=0.152 m, bearing=0.012 rad
[INFO] [1781179866.590766]: ArUco: Detected 1 marker(s) in frame 1196
[INFO] [1781179866.616585]: ArUco: Published 1 detection(s) out of 1 detected markers
[INFO] [1781179866.616839]: AR Detection received: distance=0.152 m, bearing=0.012 rad
[INFO] [1781179866.634558]: ArUco: Detected 1 marker(s) in frame 1197
[INFO] [1781179866.659289]: ArUco: Published 1 detection(s) out of 1 detected markers
[INFO] [1781179866.659496]: AR Detection received: distance=0.152 m, bearing=0.012 rad
[INFO] [1781179866.687300]: ArUco: Detected 1 marker(s) in frame 1198
[INFO] [1781179866.715834]: ArUco: Published 1 detection(s) out of 1 detected markers
[INFO] [1781179866.716039]: AR Detection received: distance=0.152 m, bearing=0.012 rad
[INFO] [1781179866.737000]: ArUco: Detected 1 marker(s) in frame 1199
[INFO] [1781179866.761549]: ArUco: Published 1 detection(s) out of 1 detected markers
[INFO] [1781179866.761752]: AR Detection received: distance=0.152 m, bearing=0.012 rad
[INFO] [1781179866.788253]: ArUco: Detected 1 marker(s) in frame 1200
[INFO] [1781179866.817024]: ArUco: Published 1 detection(s) out of 1 detected markers
[INFO] [1781179866.817269]: AR Detection received: distance=0.152 m, bearing=0.012 rad
[INFO] [1781179866.835318]: ArUco: Detected 1 marker(s) in frame 1201
[INFO] [1781179866.866899]: ArUco: Published 1 detection(s) out of 1 detected markers
[INFO] [1781179866.867100]: AR Detection received: distance=0.152 m, bearing=0.012 rad
[INFO] [1781179866.903563]: ArUco: Detected 1 marker(s) in frame 1202
[INFO] [1781179866.922688]: ArUco: Published 1 detection(s) out of 1 detected markers
[INFO] [1781179866.923022]: AR Detection received: distance=0.152 m, bearing=0.012 rad
[INFO] [1781179866.955821]: ArUco: Detected 1 marker(s) in frame 1203
[INFO] [1781179866.979719]: ArUco: Published 1 detection(s) out of 1 detected markers
[INFO] [1781179866.980013]: AR Detection received: distance=0.152 m, bearing=0.012 rad
[INFO] [1781179866.998568]: ArUco: Detected 1 marker(s) in frame 1204
[INFO] [1781179867.021725]: ArUco: Published 1 detection(s) out of 1 detected markers
[INFO] [1781179867.021935]: AR Detection received: distance=0.152 m, bearing=0.012 rad
[INFO] [1781179867.037998]: ArUco: Detected 1 marker(s) in frame 1205
[INFO] [1781179867.059942]: ArUco: Published 1 detection(s) out of 1 detected markers
[INFO] [1781179867.060266]: AR Detection received: distance=0.152 m, bearing=0.012 rad
[INFO] [1781179867.084740]: ArUco: Detected 1 marker(s) in frame 1206
[INFO] [1781179867.111882]: ArUco: Published 1 detection(s) out of 1 detected markers
[INFO] [1781179867.112276]: AR Detection received: distance=0.152 m, bearing=0.012 rad
[INFO] [1781179867.135364]: ArUco: Detected 1 marker(s) in frame 1207
[INFO] [1781179867.160534]: ArUco: Published 1 detection(s) out of 1 detected markers
[INFO] [1781179867.160765]: AR Detection received: distance=0.152 m, bearing=0.012 rad
[INFO] [1781179867.188270]: ArUco: Detected 1 marker(s) in frame 1208
[INFO] [1781179867.216001]: ArUco: Published 1 detection(s) out of 1 detected markers
[INFO] [1781179867.216216]: AR Detection received: distance=0.152 m, bearing=0.012 rad
[INFO] [1781179867.233231]: ArUco: Detected 1 marker(s) in frame 1209
[INFO] [1781179867.259243]: ArUco: Published 1 detection(s) out of 1 detected markers
[INFO] [1781179867.259438]: AR Detection received: distance=0.152 m, bearing=0.012 rad
[INFO] [1781179867.297281]: ArUco: Detected 1 marker(s) in frame 1210
[INFO] [1781179867.328080]: ArUco: Published 1 detection(s) out of 1 detected markers
[INFO] [1781179867.328317]: AR Detection received: distance=0.152 m, bearing=0.012 rad
[INFO] [1781179867.360110]: ArUco: Detected 1 marker(s) in frame 1211
[INFO] [1781179867.386346]: ArUco: Published 1 detection(s) out of 1 detected markers
[INFO] [1781179867.386538]: AR Detection received: distance=0.152 m, bearing=0.012 rad
[INFO] [1781179867.425100]: ArUco: Detected 1 marker(s) in frame 1212
[INFO] [1781179867.450090]: ArUco: Published 1 detection(s) out of 1 detected markers
[INFO] [1781179867.450179]: AR Detection received: distance=0.152 m, bearing=0.012 rad
[INFO] [1781179867.502191]: ArUco: Detected 1 marker(s) in frame 1213
[INFO] [1781179867.545503]: ArUco: Published 1 detection(s) out of 1 detected markers
[INFO] [1781179867.545878]: AR Detection received: distance=0.152 m, bearing=0.012 rad
[INFO] [1781179867.597048]: ArUco: Detected 1 marker(s) in frame 1214
[INFO] [1781179867.625675]: ArUco: Published 1 detection(s) out of 1 detected markers
[INFO] [1781179867.625869]: AR Detection received: distance=0.152 m, bearing=0.012 rad
[INFO] [1781179867.664583]: ArUco: Detected 1 marker(s) in frame 1215
[INFO] [1781179867.737590]: ArUco: Published 1 detection(s) out of 1 detected markers
[INFO] [1781179867.738068]: AR Detection received: distance=0.152 m, bearing=0.012 rad
[INFO] [1781179867.796905]: ArUco: Detected 1 marker(s) in frame 1216
[INFO] [1781179867.823225]: ArUco: Published 1 detection(s) out of 1 detected markers
[INFO] [1781179867.823573]: AR Detection received: distance=0.152 m, bearing=0.012 rad
[INFO] [1781179867.847270]: ArUco: Detected 1 marker(s) in frame 1217
[INFO] [1781179867.860051]: ArUco: Published 1 detection(s) out of 1 detected markers
[INFO] [1781179867.861203]: AR Detection received: distance=0.152 m, bearing=0.012 rad
[INFO] [1781179867.898836]: ArUco: Detected 1 marker(s) in frame 1218
[INFO] [1781179867.926535]: ArUco: Published 1 detection(s) out of 1 detected markers
[INFO] [1781179867.927056]: AR Detection received: distance=0.152 m, bearing=0.012 rad
[INFO] [1781179867.952516]: ArUco: Detected 1 marker(s) in frame 1219
[INFO] [1781179867.967572]: ArUco: Published 1 detection(s) out of 1 detected markers
[INFO] [1781179867.967835]: AR Detection received: distance=0.152 m, bearing=0.012 rad
[INFO] [1781179868.000301]: ArUco: Detected 1 marker(s) in frame 1220
[INFO] [1781179868.026048]: ArUco: Published 1 detection(s) out of 1 detected markers
[INFO] [1781179868.027197]: AR Detection received: distance=0.152 m, bearing=0.012 rad
[INFO] [1781179868.059480]: ArUco: Detected 1 marker(s) in frame 1221
[INFO] [1781179868.090878]: ArUco: Published 1 detection(s) out of 1 detected markers
[INFO] [1781179868.091288]: AR Detection received: distance=0.152 m, bearing=0.012 rad
[INFO] [1781179868.121123]: ArUco: Detected 1 marker(s) in frame 1222
[INFO] [1781179868.148142]: ArUco: Published 1 detection(s) out of 1 detected markers
[INFO] [1781179868.148403]: AR Detection received: distance=0.151 m, bearing=0.012 rad
[INFO] [1781179868.161494]: ArUco: Detected 1 marker(s) in frame 1223
[INFO] [1781179868.188174]: ArUco: Published 1 detection(s) out of 1 detected markers
[INFO] [1781179868.188403]: AR Detection received: distance=0.152 m, bearing=0.012 rad
[INFO] [1781179868.227530]: ArUco: Detected 1 marker(s) in frame 1224
[INFO] [1781179868.253283]: ArUco: Published 1 detection(s) out of 1 detected markers
[INFO] [1781179868.253511]: AR Detection received: distance=0.152 m, bearing=0.012 rad
[INFO] [1781179868.283482]: ArUco: Detected 1 marker(s) in frame 1225
[INFO] [1781179868.310966]: ArUco: Published 1 detection(s) out of 1 detected markers
[INFO] [1781179868.311260]: AR Detection received: distance=0.152 m, bearing=0.012 rad
[INFO] [1781179868.350854]: ArUco: Detected 1 marker(s) in frame 1226
[INFO] [1781179868.361511]: ArUco: Published 1 detection(s) out of 1 detected markers
[INFO] [1781179868.361708]: AR Detection received: distance=0.152 m, bearing=0.012 rad
[INFO] [1781179868.388858]: ArUco: Detected 1 marker(s) in frame 1227
[INFO] [1781179868.412335]: ArUco: Published 1 detection(s) out of 1 detected markers
[INFO] [1781179868.412575]: AR Detection received: distance=0.152 m, bearing=0.012 rad
[INFO] [1781179868.455733]: ArUco: Detected 1 marker(s) in frame 1228
[INFO] [1781179868.492417]: ArUco: Published 1 detection(s) out of 1 detected markers
[INFO] [1781179868.492722]: AR Detection received: distance=0.152 m, bearing=0.012 rad
[INFO] [1781179868.527851]: ArUco: Detected 1 marker(s) in frame 1229
[INFO] [1781179868.560241]: ArUco: Published 1 detection(s) out of 1 detected markers
[INFO] [1781179868.560665]: AR Detection received: distance=0.152 m, bearing=0.012 rad
[INFO] [1781179868.591005]: ArUco: Detected 1 marker(s) in frame 1230
[INFO] [1781179868.613983]: ArUco: Published 1 detection(s) out of 1 detected markers
[INFO] [1781179868.614268]: AR Detection received: distance=0.152 m, bearing=0.012 rad
[INFO] [1781179868.661120]: ArUco: Detected 1 marker(s) in frame 1231
[INFO] [1781179868.691308]: ArUco: Published 1 detection(s) out of 1 detected markers
[INFO] [1781179868.691825]: AR Detection received: distance=0.152 m, bearing=0.012 rad
[INFO] [1781179868.719156]: ArUco: Detected 1 marker(s) in frame 1232
[INFO] [1781179868.748117]: ArUco: Published 1 detection(s) out of 1 detected markers
[INFO] [1781179868.748632]: AR Detection received: distance=0.152 m, bearing=0.012 rad
[INFO] [1781179868.779297]: ArUco: Detected 1 marker(s) in frame 1233
[INFO] [1781179868.800703]: ArUco: Published 1 detection(s) out of 1 detected markers
[INFO] [1781179868.801222]: AR Detection received: distance=0.152 m, bearing=0.012 rad
[INFO] [1781179868.826861]: ArUco: Detected 1 marker(s) in frame 1234
[INFO] [1781179868.855905]: ArUco: Published 1 detection(s) out of 1 detected markers
[INFO] [1781179868.856307]: AR Detection received: distance=0.152 m, bearing=0.012 rad
[INFO] [1781179868.887257]: ArUco: Detected 1 marker(s) in frame 1235
[INFO] [1781179868.914001]: ArUco: Published 1 detection(s) out of 1 detected markers
[INFO] [1781179868.914251]: AR Detection received: distance=0.152 m, bearing=0.012 rad
[INFO] [1781179868.935100]: ArUco: Detected 1 marker(s) in frame 1236
[INFO] [1781179868.963714]: ArUco: Published 1 detection(s) out of 1 detected markers
[INFO] [1781179868.964119]: AR Detection received: distance=0.152 m, bearing=0.012 rad
[INFO] [1781179869.032369]: ArUco: Detected 1 marker(s) in frame 1237
[INFO] [1781179869.060971]: ArUco: Published 1 detection(s) out of 1 detected markers
[INFO] [1781179869.061334]: AR Detection received: distance=0.152 m, bearing=0.012 rad
[INFO] [1781179869.089482]: ArUco: Detected 1 marker(s) in frame 1238
[INFO] [1781179869.113307]: ArUco: Published 1 detection(s) out of 1 detected markers
[INFO] [1781179869.113507]: AR Detection received: distance=0.152 m, bearing=0.012 rad
[INFO] [1781179869.132518]: ArUco: Detected 1 marker(s) in frame 1239
[INFO] [1781179869.160373]: ArUco: Published 1 detection(s) out of 1 detected markers
[INFO] [1781179869.160636]: AR Detection received: distance=0.152 m, bearing=0.012 rad
[INFO] [1781179869.191470]: ArUco: Detected 1 marker(s) in frame 1240
[INFO] [1781179869.222370]: ArUco: Published 1 detection(s) out of 1 detected markers
[INFO] [1781179869.222837]: AR Detection received: distance=0.152 m, bearing=0.012 rad
[INFO] [1781179869.252222]: ArUco: Detected 1 marker(s) in frame 1241
[INFO] [1781179869.269360]: ArUco: Published 1 detection(s) out of 1 detected markers
[INFO] [1781179869.269590]: AR Detection received: distance=0.152 m, bearing=0.012 rad
[INFO] [1781179869.297364]: ArUco: Detected 1 marker(s) in frame 1242
[INFO] [1781179869.324150]: ArUco: Published 1 detection(s) out of 1 detected markers
[INFO] [1781179869.324353]: AR Detection received: distance=0.152 m, bearing=0.012 rad
[INFO] [1781179869.353383]: ArUco: Detected 1 marker(s) in frame 1243
[INFO] [1781179869.379616]: ArUco: Published 1 detection(s) out of 1 detected markers
[INFO] [1781179869.379828]: AR Detection received: distance=0.152 m, bearing=0.012 rad
[INFO] [1781179869.413563]: ArUco: Detected 1 marker(s) in frame 1244
[INFO] [1781179869.430107]: ArUco: Published 1 detection(s) out of 1 detected markers
[INFO] [1781179869.430888]: AR Detection received: distance=0.152 m, bearing=0.012 rad
[INFO] [1781179869.469687]: ArUco: Detected 1 marker(s) in frame 1245
[INFO] [1781179869.488404]: ArUco: Published 1 detection(s) out of 1 detected markers
[INFO] [1781179869.488689]: AR Detection received: distance=0.152 m, bearing=0.012 rad
[INFO] [1781179869.525777]: ArUco: Detected 1 marker(s) in frame 1246
[INFO] [1781179869.560997]: ArUco: Published 1 detection(s) out of 1 detected markers
[INFO] [1781179869.561328]: AR Detection received: distance=0.152 m, bearing=0.012 rad
[INFO] [1781179869.597262]: ArUco: Detected 1 marker(s) in frame 1247
[INFO] [1781179869.626776]: ArUco: Published 1 detection(s) out of 1 detected markers
[INFO] [1781179869.627140]: AR Detection received: distance=0.152 m, bearing=0.012 rad
[INFO] [1781179869.654807]: ArUco: Detected 1 marker(s) in frame 1248
[INFO] [1781179869.686342]: ArUco: Published 1 detection(s) out of 1 detected markers
[INFO] [1781179869.686786]: AR Detection received: distance=0.152 m, bearing=0.012 rad
[INFO] [1781179869.700686]: ArUco: Detected 1 marker(s) in frame 1249
[INFO] [1781179869.728064]: ArUco: Published 1 detection(s) out of 1 detected markers
[INFO] [1781179869.728317]: AR Detection received: distance=0.152 m, bearing=0.012 rad
[INFO] [1781179869.757219]: ArUco: Detected 1 marker(s) in frame 1250
[INFO] [1781179869.782434]: ArUco: Published 1 detection(s) out of 1 detected markers
[INFO] [1781179869.782897]: AR Detection received: distance=0.152 m, bearing=0.012 rad
[INFO] [1781179869.800913]: ArUco: Detected 1 marker(s) in frame 1251
[INFO] [1781179869.830832]: ArUco: Published 1 detection(s) out of 1 detected markers
[INFO] [1781179869.831175]: AR Detection received: distance=0.152 m, bearing=0.012 rad
[INFO] [1781179869.860657]: ArUco: Detected 1 marker(s) in frame 1252
[INFO] [1781179869.882931]: ArUco: Published 1 detection(s) out of 1 detected markers
[INFO] [1781179869.883198]: AR Detection received: distance=0.152 m, bearing=0.012 rad
[INFO] [1781179869.904079]: ArUco: Detected 1 marker(s) in frame 1253
[INFO] [1781179869.927583]: ArUco: Published 1 detection(s) out of 1 detected markers
[INFO] [1781179869.928063]: AR Detection received: distance=0.152 m, bearing=0.012 rad
[INFO] [1781179869.960395]: ArUco: Detected 1 marker(s) in frame 1254
[INFO] [1781179869.985882]: ArUco: Published 1 detection(s) out of 1 detected markers
[INFO] [1781179869.986259]: AR Detection received: distance=0.152 m, bearing=0.012 rad
[INFO] [1781179870.013567]: ArUco: Detected 1 marker(s) in frame 1255
[INFO] [1781179870.029334]: ArUco: Published 1 detection(s) out of 1 detected markers
[INFO] [1781179870.029643]: AR Detection received: distance=0.152 m, bearing=0.012 rad
[INFO] [1781179870.063508]: ArUco: Detected 1 marker(s) in frame 1256
[INFO] [1781179870.093087]: ArUco: Published 1 detection(s) out of 1 detected markers
[INFO] [1781179870.093715]: AR Detection received: distance=0.152 m, bearing=0.012 rad
[INFO] [1781179870.126091]: ArUco: Detected 1 marker(s) in frame 1257
[INFO] [1781179870.148437]: ArUco: Published 1 detection(s) out of 1 detected markers
[INFO] [1781179870.148649]: AR Detection received: distance=0.152 m, bearing=0.012 rad
[INFO] [1781179870.169130]: ArUco: Detected 1 marker(s) in frame 1258
[INFO] [1781179870.198337]: ArUco: Published 1 detection(s) out of 1 detected markers
[INFO] [1781179870.198431]: AR Detection received: distance=0.152 m, bearing=0.012 rad
[INFO] [1781179870.250843]: ArUco: Detected 1 marker(s) in frame 1259
[INFO] [1781179870.261681]: ArUco: Published 1 detection(s) out of 1 detected markers
[INFO] [1781179870.262054]: AR Detection received: distance=0.152 m, bearing=0.012 rad
[INFO] [1781179870.292740]: ArUco: Detected 1 marker(s) in frame 1260
[INFO] [1781179870.342606]: ArUco: Published 1 detection(s) out of 1 detected markers
[INFO] [1781179870.343138]: AR Detection received: distance=0.152 m, bearing=0.012 rad
[INFO] [1781179870.397723]: ArUco: Detected 1 marker(s) in frame 1261
[INFO] [1781179870.420293]: ArUco: Published 1 detection(s) out of 1 detected markers
[INFO] [1781179870.420547]: AR Detection received: distance=0.152 m, bearing=0.012 rad
[INFO] [1781179870.455011]: ArUco: Detected 1 marker(s) in frame 1262
[INFO] [1781179870.467107]: ArUco: Published 1 detection(s) out of 1 detected markers
[INFO] [1781179870.467563]: AR Detection received: distance=0.152 m, bearing=0.012 rad
[INFO] [1781179870.516638]: ArUco: Detected 1 marker(s) in frame 1263
[INFO] [1781179870.533330]: ArUco: Published 1 detection(s) out of 1 detected markers
[INFO] [1781179870.534250]: AR Detection received: distance=0.152 m, bearing=0.012 rad
[INFO] [1781179870.566415]: ArUco: Detected 1 marker(s) in frame 1264
[INFO] [1781179870.594142]: ArUco: Published 1 detection(s) out of 1 detected markers
[INFO] [1781179870.594381]: AR Detection received: distance=0.152 m, bearing=0.012 rad
[INFO] [1781179870.627575]: ArUco: Detected 1 marker(s) in frame 1265
[INFO] [1781179870.649759]: ArUco: Published 1 detection(s) out of 1 detected markers
[INFO] [1781179870.650035]: AR Detection received: distance=0.152 m, bearing=0.012 rad
[INFO] [1781179870.669105]: ArUco: Detected 1 marker(s) in frame 1266
[INFO] [1781179870.697758]: ArUco: Published 1 detection(s) out of 1 detected markers
[INFO] [1781179870.698283]: AR Detection received: distance=0.152 m, bearing=0.012 rad
[INFO] [1781179870.747352]: ArUco: Detected 1 marker(s) in frame 1267
[INFO] [1781179870.758506]: ArUco: Published 1 detection(s) out of 1 detected markers
[INFO] [1781179870.758774]: AR Detection received: distance=0.152 m, bearing=0.012 rad
[INFO] [1781179870.785449]: ArUco: Detected 1 marker(s) in frame 1268
[INFO] [1781179870.800062]: ArUco: Published 1 detection(s) out of 1 detected markers
[INFO] [1781179870.800273]: AR Detection received: distance=0.152 m, bearing=0.012 rad
[INFO] [1781179870.832383]: ArUco: Detected 1 marker(s) in frame 1269
[INFO] [1781179870.855880]: ArUco: Published 1 detection(s) out of 1 detected markers
[INFO] [1781179870.855979]: AR Detection received: distance=0.152 m, bearing=0.012 rad
[INFO] [1781179870.884973]: ArUco: Detected 1 marker(s) in frame 1270
[INFO] [1781179870.912370]: ArUco: Published 1 detection(s) out of 1 detected markers
[INFO] [1781179870.912824]: AR Detection received: distance=0.152 m, bearing=0.012 rad
[INFO] [1781179870.934679]: ArUco: Detected 1 marker(s) in frame 1271
[INFO] [1781179870.959971]: ArUco: Published 1 detection(s) out of 1 detected markers
[INFO] [1781179870.960265]: AR Detection received: distance=0.152 m, bearing=0.012 rad
[INFO] [1781179870.987159]: ArUco: Detected 1 marker(s) in frame 1272
[INFO] [1781179871.013487]: ArUco: Published 1 detection(s) out of 1 detected markers
[INFO] [1781179871.013788]: AR Detection received: distance=0.152 m, bearing=0.012 rad
[INFO] [1781179871.034220]: ArUco: Detected 1 marker(s) in frame 1273
[INFO] [1781179871.061974]: ArUco: Published 1 detection(s) out of 1 detected markers
[INFO] [1781179871.062227]: AR Detection received: distance=0.152 m, bearing=0.012 rad
[INFO] [1781179871.091057]: ArUco: Detected 1 marker(s) in frame 1274
[INFO] [1781179871.118015]: ArUco: Published 1 detection(s) out of 1 detected markers
[INFO] [1781179871.118453]: AR Detection received: distance=0.152 m, bearing=0.012 rad
[INFO] [1781179871.135552]: ArUco: Detected 1 marker(s) in frame 1275
[INFO] [1781179871.162257]: ArUco: Published 1 detection(s) out of 1 detected markers
[INFO] [1781179871.162737]: AR Detection received: distance=0.152 m, bearing=0.012 rad
[INFO] [1781179871.191127]: ArUco: Detected 1 marker(s) in frame 1276
[INFO] [1781179871.225359]: ArUco: Published 1 detection(s) out of 1 detected markers
[INFO] [1781179871.225600]: AR Detection received: distance=0.152 m, bearing=0.012 rad
[INFO] [1781179871.254844]: ArUco: Detected 1 marker(s) in frame 1277
[INFO] [1781179871.280660]: ArUco: Published 1 detection(s) out of 1 detected markers
[INFO] [1781179871.280995]: AR Detection received: distance=0.152 m, bearing=0.012 rad
[INFO] [1781179871.300260]: ArUco: Detected 1 marker(s) in frame 1278
[INFO] [1781179871.328883]: ArUco: Published 1 detection(s) out of 1 detected markers
[INFO] [1781179871.329144]: AR Detection received: distance=0.152 m, bearing=0.012 rad
[INFO] [1781179871.365518]: ArUco: Detected 1 marker(s) in frame 1279
[INFO] [1781179871.388871]: ArUco: Published 1 detection(s) out of 1 detected markers
[INFO] [1781179871.389187]: AR Detection received: distance=0.152 m, bearing=0.012 rad
[INFO] [1781179871.413475]: ArUco: Detected 1 marker(s) in frame 1280
[INFO] [1781179871.431089]: ArUco: Published 1 detection(s) out of 1 detected markers
[INFO] [1781179871.431301]: AR Detection received: distance=0.152 m, bearing=0.012 rad
[INFO] [1781179871.462441]: ArUco: Detected 1 marker(s) in frame 1281
[INFO] [1781179871.482790]: ArUco: Published 1 detection(s) out of 1 detected markers
[INFO] [1781179871.483108]: AR Detection received: distance=0.152 m, bearing=0.012 rad
[INFO] [1781179871.503659]: ArUco: Detected 1 marker(s) in frame 1282
[INFO] [1781179871.527277]: ArUco: Published 1 detection(s) out of 1 detected markers
[INFO] [1781179871.527531]: AR Detection received: distance=0.152 m, bearing=0.012 rad
[INFO] [1781179871.559006]: ArUco: Detected 1 marker(s) in frame 1283
[INFO] [1781179871.621682]: ArUco: Published 1 detection(s) out of 1 detected markers
[INFO] [1781179871.622271]: AR Detection received: distance=0.152 m, bearing=0.012 rad
[INFO] [1781179871.663201]: ArUco: Detected 1 marker(s) in frame 1284
[INFO] [1781179871.687242]: ArUco: Published 1 detection(s) out of 1 detected markers
[INFO] [1781179871.687905]: AR Detection received: distance=0.152 m, bearing=0.012 rad
[INFO] [1781179871.704259]: ArUco: Detected 1 marker(s) in frame 1285
[INFO] [1781179871.726896]: ArUco: Published 1 detection(s) out of 1 detected markers
[INFO] [1781179871.727044]: AR Detection received: distance=0.152 m, bearing=0.012 rad
[INFO] [1781179871.761611]: ArUco: Detected 1 marker(s) in frame 1286
[INFO] [1781179871.787461]: ArUco: Published 1 detection(s) out of 1 detected markers
[INFO] [1781179871.787552]: AR Detection received: distance=0.152 m, bearing=0.012 rad
[INFO] [1781179871.816396]: ArUco: Detected 1 marker(s) in frame 1287
[INFO] [1781179871.831031]: ArUco: Published 1 detection(s) out of 1 detected markers
[INFO] [1781179871.831614]: AR Detection received: distance=0.152 m, bearing=0.012 rad
[INFO] [1781179871.864606]: ArUco: Detected 1 marker(s) in frame 1288
[INFO] [1781179871.891956]: ArUco: Published 1 detection(s) out of 1 detected markers
[INFO] [1781179871.892177]: AR Detection received: distance=0.152 m, bearing=0.012 rad
[INFO] [1781179871.924620]: ArUco: Detected 1 marker(s) in frame 1289
[INFO] [1781179871.945537]: ArUco: Published 1 detection(s) out of 1 detected markers
[INFO] [1781179871.945894]: AR Detection received: distance=0.152 m, bearing=0.012 rad
[INFO] [1781179871.965866]: ArUco: Detected 1 marker(s) in frame 1290
[INFO] [1781179871.993042]: ArUco: Published 1 detection(s) out of 1 detected markers
[INFO] [1781179871.993382]: AR Detection received: distance=0.152 m, bearing=0.012 rad
[INFO] [1781179872.028802]: ArUco: Detected 1 marker(s) in frame 1291
[INFO] [1781179872.049526]: ArUco: Published 1 detection(s) out of 1 detected markers
[INFO] [1781179872.050076]: AR Detection received: distance=0.152 m, bearing=0.012 rad
[INFO] [1781179872.068110]: ArUco: Detected 1 marker(s) in frame 1292
[INFO] [1781179872.089864]: ArUco: Published 1 detection(s) out of 1 detected markers
[INFO] [1781179872.090083]: AR Detection received: distance=0.152 m, bearing=0.012 rad
[INFO] [1781179872.128605]: ArUco: Detected 1 marker(s) in frame 1293
[INFO] [1781179872.151003]: ArUco: Published 1 detection(s) out of 1 detected markers
[INFO] [1781179872.151677]: AR Detection received: distance=0.152 m, bearing=0.012 rad
[INFO] [1781179872.177787]: ArUco: Detected 1 marker(s) in frame 1294
[INFO] [1781179872.190221]: ArUco: Published 1 detection(s) out of 1 detected markers
[INFO] [1781179872.190436]: AR Detection received: distance=0.152 m, bearing=0.012 rad
[INFO] [1781179872.220501]: ArUco: Detected 1 marker(s) in frame 1295
[INFO] [1781179872.247068]: ArUco: Published 1 detection(s) out of 1 detected markers
[INFO] [1781179872.247295]: AR Detection received: distance=0.152 m, bearing=0.012 rad
[INFO] [1781179872.266808]: ArUco: Detected 1 marker(s) in frame 1296
[INFO] [1781179872.291889]: ArUco: Published 1 detection(s) out of 1 detected markers
[INFO] [1781179872.292094]: AR Detection received: distance=0.152 m, bearing=0.012 rad
[INFO] [1781179872.319664]: ArUco: Detected 1 marker(s) in frame 1297
[INFO] [1781179872.351335]: ArUco: Published 1 detection(s) out of 1 detected markers
[INFO] [1781179872.351425]: AR Detection received: distance=0.152 m, bearing=0.012 rad
[INFO] [1781179872.368764]: ArUco: Detected 1 marker(s) in frame 1298
[INFO] [1781179872.393540]: ArUco: Published 1 detection(s) out of 1 detected markers
[INFO] [1781179872.399078]: AR Detection received: distance=0.152 m, bearing=0.012 rad
[INFO] [1781179872.424633]: ArUco: Detected 1 marker(s) in frame 1299
[INFO] [1781179872.452658]: ArUco: Published 1 detection(s) out of 1 detected markers
[INFO] [1781179872.452857]: AR Detection received: distance=0.152 m, bearing=0.012 rad
[INFO] [1781179872.487639]: ArUco: Detected 1 marker(s) in frame 1300
[INFO] [1781179872.551591]: ArUco: Published 1 detection(s) out of 1 detected markers
[INFO] [1781179872.552183]: AR Detection received: distance=0.152 m, bearing=0.012 rad
[INFO] [1781179872.570587]: ArUco: Detected 1 marker(s) in frame 1301
[INFO] [1781179872.590702]: ArUco: Published 1 detection(s) out of 1 detected markers
[INFO] [1781179872.591154]: AR Detection received: distance=0.152 m, bearing=0.012 rad
[INFO] [1781179872.623886]: ArUco: Detected 1 marker(s) in frame 1302
[INFO] [1781179872.655194]: ArUco: Published 1 detection(s) out of 1 detected markers
[INFO] [1781179872.655280]: AR Detection received: distance=0.152 m, bearing=0.012 rad
[INFO] [1781179872.680156]: ArUco: Detected 1 marker(s) in frame 1303
[INFO] [1781179872.693389]: ArUco: Published 1 detection(s) out of 1 detected markers
[INFO] [1781179872.693615]: AR Detection received: distance=0.152 m, bearing=0.012 rad
[INFO] [1781179872.718043]: ArUco: Detected 1 marker(s) in frame 1304
[INFO] [1781179872.746224]: ArUco: Published 1 detection(s) out of 1 detected markers
[INFO] [1781179872.746425]: AR Detection received: distance=0.152 m, bearing=0.012 rad
[INFO] [1781179872.817198]: ArUco: Detected 1 marker(s) in frame 1305
[INFO] [1781179872.850480]: ArUco: Published 1 detection(s) out of 1 detected markers
[INFO] [1781179872.850876]: AR Detection received: distance=0.152 m, bearing=0.012 rad
[INFO] [1781179872.872488]: ArUco: Detected 1 marker(s) in frame 1306
[INFO] [1781179872.893632]: ArUco: Published 1 detection(s) out of 1 detected markers
[INFO] [1781179872.893827]: AR Detection received: distance=0.152 m, bearing=0.012 rad
[INFO] [1781179872.924226]: ArUco: Detected 1 marker(s) in frame 1307
[INFO] [1781179872.995550]: ArUco: Published 1 detection(s) out of 1 detected markers
[INFO] [1781179872.995984]: AR Detection received: distance=0.152 m, bearing=0.012 rad
[INFO] [1781179873.038290]: ArUco: Detected 1 marker(s) in frame 1308
[INFO] [1781179873.059289]: ArUco: Published 1 detection(s) out of 1 detected markers
[INFO] [1781179873.059701]: AR Detection received: distance=0.152 m, bearing=0.012 rad
[INFO] [1781179873.085846]: ArUco: Detected 1 marker(s) in frame 1309
[INFO] [1781179873.097592]: ArUco: Published 1 detection(s) out of 1 detected markers
[INFO] [1781179873.097659]: AR Detection received: distance=0.152 m, bearing=0.012 rad
[INFO] [1781179873.133614]: ArUco: Detected 1 marker(s) in frame 1310
[INFO] [1781179873.158497]: ArUco: Published 1 detection(s) out of 1 detected markers
[INFO] [1781179873.158696]: AR Detection received: distance=0.152 m, bearing=0.012 rad
[INFO] [1781179873.185926]: ArUco: Detected 1 marker(s) in frame 1311
[INFO] [1781179873.213398]: ArUco: Published 1 detection(s) out of 1 detected markers
[INFO] [1781179873.213609]: AR Detection received: distance=0.152 m, bearing=0.012 rad
[INFO] [1781179873.229815]: ArUco: Detected 1 marker(s) in frame 1312
[INFO] [1781179873.258858]: ArUco: Published 1 detection(s) out of 1 detected markers
[INFO] [1781179873.259196]: AR Detection received: distance=0.152 m, bearing=0.012 rad
[INFO] [1781179873.290254]: ArUco: Detected 1 marker(s) in frame 1313
[INFO] [1781179873.312341]: ArUco: Published 1 detection(s) out of 1 detected markers
[INFO] [1781179873.312535]: AR Detection received: distance=0.152 m, bearing=0.012 rad
[INFO] [1781179873.332669]: ArUco: Detected 1 marker(s) in frame 1314
[INFO] [1781179873.361302]: ArUco: Published 1 detection(s) out of 1 detected markers
[INFO] [1781179873.361564]: AR Detection received: distance=0.152 m, bearing=0.012 rad
[INFO] [1781179873.400116]: ArUco: Detected 1 marker(s) in frame 1315
[INFO] [1781179873.428869]: ArUco: Published 1 detection(s) out of 1 detected markers
[INFO] [1781179873.429175]: AR Detection received: distance=0.152 m, bearing=0.012 rad
[INFO] [1781179873.461352]: ArUco: Detected 1 marker(s) in frame 1316
[INFO] [1781179873.485280]: ArUco: Published 1 detection(s) out of 1 detected markers
[INFO] [1781179873.485484]: AR Detection received: distance=0.152 m, bearing=0.012 rad
[INFO] [1781179873.518837]: ArUco: Detected 1 marker(s) in frame 1317
[INFO] [1781179873.531437]: ArUco: Published 1 detection(s) out of 1 detected markers
[INFO] [1781179873.531684]: AR Detection received: distance=0.152 m, bearing=0.012 rad
[INFO] [1781179873.583603]: ArUco: Detected 1 marker(s) in frame 1318
[INFO] [1781179873.594741]: ArUco: Published 1 detection(s) out of 1 detected markers
[INFO] [1781179873.595303]: AR Detection received: distance=0.152 m, bearing=0.012 rad
[INFO] [1781179873.651339]: ArUco: Detected 1 marker(s) in frame 1319
[INFO] [1781179873.678383]: ArUco: Published 1 detection(s) out of 1 detected markers
[INFO] [1781179873.678684]: AR Detection received: distance=0.152 m, bearing=0.012 rad
[INFO] [1781179873.695360]: ArUco: Detected 1 marker(s) in frame 1320
[INFO] [1781179873.726034]: ArUco: Published 1 detection(s) out of 1 detected markers
[INFO] [1781179873.726279]: AR Detection received: distance=0.152 m, bearing=0.012 rad
[INFO] [1781179873.755120]: ArUco: Detected 1 marker(s) in frame 1321
[INFO] [1781179873.784362]: ArUco: Published 1 detection(s) out of 1 detected markers
[INFO] [1781179873.784661]: AR Detection received: distance=0.152 m, bearing=0.012 rad
[INFO] [1781179873.802907]: ArUco: Detected 1 marker(s) in frame 1322
[INFO] [1781179873.826488]: ArUco: Published 1 detection(s) out of 1 detected markers
[INFO] [1781179873.826899]: AR Detection received: distance=0.152 m, bearing=0.012 rad
[INFO] [1781179873.852930]: ArUco: Detected 1 marker(s) in frame 1323
[INFO] [1781179873.880622]: ArUco: Published 1 detection(s) out of 1 detected markers
[INFO] [1781179873.880929]: AR Detection received: distance=0.152 m, bearing=0.012 rad
[INFO] [1781179873.897891]: ArUco: Detected 1 marker(s) in frame 1324
[INFO] [1781179873.926492]: ArUco: Published 1 detection(s) out of 1 detected markers
[INFO] [1781179873.928787]: AR Detection received: distance=0.152 m, bearing=0.012 rad
[INFO] [1781179873.961532]: ArUco: Detected 1 marker(s) in frame 1325
[INFO] [1781179873.989214]: ArUco: Published 1 detection(s) out of 1 detected markers
[INFO] [1781179873.989448]: AR Detection received: distance=0.152 m, bearing=0.012 rad
[INFO] [1781179874.023446]: ArUco: Detected 1 marker(s) in frame 1326
[INFO] [1781179874.045177]: ArUco: Published 1 detection(s) out of 1 detected markers
[INFO] [1781179874.045593]: AR Detection received: distance=0.152 m, bearing=0.012 rad
[INFO] [1781179874.064282]: ArUco: Detected 1 marker(s) in frame 1327
[INFO] [1781179874.090693]: ArUco: Published 1 detection(s) out of 1 detected markers
[INFO] [1781179874.090921]: AR Detection received: distance=0.152 m, bearing=0.012 rad
[INFO] [1781179874.123553]: ArUco: Detected 1 marker(s) in frame 1328
[INFO] [1781179874.146668]: ArUco: Published 1 detection(s) out of 1 detected markers
[INFO] [1781179874.146889]: AR Detection received: distance=0.152 m, bearing=0.012 rad
[INFO] [1781179874.168009]: ArUco: Detected 1 marker(s) in frame 1329
[INFO] [1781179874.194609]: ArUco: Published 1 detection(s) out of 1 detected markers
[INFO] [1781179874.194840]: AR Detection received: distance=0.152 m, bearing=0.012 rad
[INFO] [1781179874.257975]: ArUco: Detected 1 marker(s) in frame 1330
[INFO] [1781179874.291620]: ArUco: Published 1 detection(s) out of 1 detected markers
[INFO] [1781179874.291834]: AR Detection received: distance=0.152 m, bearing=0.012 rad
[INFO] [1781179874.323676]: ArUco: Detected 1 marker(s) in frame 1331
[INFO] [1781179874.345521]: ArUco: Published 1 detection(s) out of 1 detected markers
[INFO] [1781179874.345613]: AR Detection received: distance=0.152 m, bearing=0.012 rad
[INFO] [1781179874.363677]: ArUco: Detected 1 marker(s) in frame 1332
[INFO] [1781179874.408844]: ArUco: Published 1 detection(s) out of 1 detected markers
[INFO] [1781179874.409136]: AR Detection received: distance=0.152 m, bearing=0.012 rad
^C[INFO] [1781179874.457392]: ArUco: Detected 1 marker(s) in frame 1333
[INFO] [1781179874.485498]: ArUco: Published 1 detection(s) out of 1 detected markers
[INFO] [1781179874.485713]: AR Detection received: distance=0.152 m, bearing=0.012 rad
[INFO] [1781179874.518647]: ArUco: Detected 1 marker(s) in frame 1334
[bird/visualizer-3] killing on exit
[bird/particle_filter-2] killing on exit
[bird/aruco_detector-1] killing on exit
[INFO] [1781179874.545713]: ArUco: Published 1 detection(s) out of 1 detected markers
<== App terminated!


There is a new version of 'duckietown-shell' available!

    You have: 6.2.23

    Available: 6.2.26

WARNING: We strongly recommend updating to the latest version. ONLY THE LATEST VERSION IS SUPPORTED!
         If you experience issues, please make sure you're using the latest version before posting
         questions or issues.

To upgrade 'duckietown-shell', run:
    pipx upgrade duckietown-shell

        

Project:
  Name: ain453-project
  Distro: v3
  Version: v3
  Index: Dirty
  Semantic Version: 0.0.0
  Path: /home/kaan/project_dts/AIN453-Project
  Type: template-ros
  Template Version: 3
  Adapters: fs dtproject git
________


Docker Endpoint:
  Hostname: kaan-ABRA-A5-V19-3
  Operating System: Ubuntu 22.04.5 LTS
  Kernel Version: 6.8.0-111-generic
  OSType: linux
  Architecture: x86_64
  Total Memory: 15.36 GB
  CPUs: 20

